image_id,source_dataset,label,generator,native_path,sha256,provenance_verified,role
EXT_REAL_0001,COCO_val2017,0,Real,data/external_v1/native/real/coco2017/EXT_REAL_0001_450758.jpg,2bd41c7c8af67b477941538a4da8c8edadfe6b26bc3e19cfe991a89b35a2fe1b,true,real_only_false_positive_stress
EXT_REAL_0002,COCO_val2017,0,Real,data/external_v1/native/real/coco2017/EXT_REAL_0002_250619.jpg,3c21d6cb222e98c8fd88a6ea7ab6b0bacec19a5802092098536a079cc26dd23f,true,real_only_false_positive_stress
EXT_REAL_0003,COCO_val2017,0,Real,data/external_v1/native/real/coco2017/EXT_REAL_0003_377723.jpg,47a58184ee83f6c0c483a2ca1f2ce4550b08170a9576c8e78bda16693a591786,true,real_only_false_positive_stress
EXT_REAL_0004,COCO_val2017,0,Real,data/external_v1/native/real/coco2017/EXT_REAL_0004_231549.jpg,9e6d5c06414b2a61fa85e4ac991dd8e7f43c05bdb652cbcd6045d843c16e68d8,true,real_only_false_positive_stress
EXT_REAL_0005,COCO_val2017,0,Real,data/external_v1/native/real/coco2017/EXT_REAL_0005_171382.jpg,f96faf8870853b0f11e2746eb86cb0dbc7e34c1b4903e3d912aa857002ef9bf3,true,real_only_false_positive_stress
EXT_REAL_0006,COCO_val2017,0,Real,data/external_v1/native/real/coco2017/EXT_REAL_0006_466416.jpg,905f640f424be3ccb20aa010e1efcf880bee51109abb7dffe614a018362a0c79,true,real_only_false_positive_stress
EXT_REAL_0007,COCO_val2017,0,Real,data/external_v1/native/real/coco2017/EXT_REAL_0007_258883.jpg,3fedde1647fae071fe3fd56eb2580a2461b6984890c9ab289819fe644d71e4c6,true,real_only_false_positive_stress
EXT_REAL_0008,COCO_val2017,0,Real,data/external_v1/native/real/coco2017/EXT_REAL_0008_377635.jpg,538475c933dc840f54b42708ac824a1bff11a6c419f52b447729e01078d04fd1,true,real_only_false_positive_stress
EXT_REAL_0009,COCO_val2017,0,Real,data/external_v1/native/real/coco2017/EXT_REAL_0009_446207.jpg,ddef57e0ea54ff2eca3729558f951451037e183eadaed9c1913264a389e925b1,true,real_only_false_positive_stress
EXT_REAL_0010,COCO_val2017,0,Real,data/external_v1/native/real/coco2017/EXT_REAL_0010_236784.jpg,cdd94432188f912462ec36a51f6e17efe537e472ef427654d37f26cf76bea4e7,true,real_only_false_positive_stress
EXT_REAL_0011,COCO_val2017,0,Real,data/external_v1/native/real/coco2017/EXT_REAL_0011_548339.jpg,b4dd9bf477d92c009da5e381b224d74d3cf0192559b609b1a6f17cfad0d68758,true,real_only_false_positive_stress
EXT_REAL_0012,COCO_val2017,0,Real,data/external_v1/native/real/coco2017/EXT_REAL_0012_166664.jpg,36f607358c9e9dcd1a9c50a0cef18356d6b04d6d4924a22114b8ca1613219bdd,true,real_only_false_positive_stress
EXT_REAL_0013,COCO_val2017,0,Real,data/external_v1/native/real/coco2017/EXT_REAL_0013_99428.jpg,12e52d374ea882e744d9049393126517e28291bb16af81c27d117aa090311a01,true,real_only_false_positive_stress
EXT_REAL_0014,COCO_val2017,0,Real,data/external_v1/native/real/coco2017/EXT_REAL_0014_446574.jpg,2fa792119957910e428a6dedf63f4e50f3de21ef22e900ca38aa152962daa39c,true,real_only_false_positive_stress
EXT_REAL_0015,COCO_val2017,0,Real,data/external_v1/native/real/coco2017/EXT_REAL_0015_236592.jpg,57c0d2e822895cc40b3ef2949b29f33622662ce386d62f0da8bdf61cabd3bb30,true,real_only_false_positive_stress
EXT_REAL_0016,COCO_val2017,0,Real,data/external_v1/native/real/coco2017/EXT_REAL_0016_11122.jpg,74e9d13ddccbc52d2fd9da5984279a6218b250668e1ae1c6450be9d1ca2bc41a,true,real_only_false_positive_stress
EXT_REAL_0017,COCO_val2017,0,Real,data/external_v1/native/real/coco2017/EXT_REAL_0017_163117.jpg,7ab350becc58d80b675f76a0e895b00c98a1754f17f4cff92987c2aeef7445f5,true,real_only_false_positive_stress
EXT_REAL_0018,COCO_val2017,0,Real,data/external_v1/native/real/coco2017/EXT_REAL_0018_515577.jpg,6f610a7b45e0cd7e3bb29fceec98a4b10a23658d2ef2f03105e499561c37c0b0,true,real_only_false_positive_stress
EXT_REAL_0019,COCO_val2017,0,Real,data/external_v1/native/real/coco2017/EXT_REAL_0019_104612.jpg,997ac00cd26aff6a92717247dfb7ce7d5150a7281e61b7db8267833ea251c77d,true,real_only_false_positive_stress
EXT_REAL_0020,COCO_val2017,0,Real,data/external_v1/native/real/coco2017/EXT_REAL_0020_296284.jpg,4445fd3eecd1ef707592f04cbf45a429e3e2a9fd4586b02458bc30c03ef1be74,true,real_only_false_positive_stress
EXT_REAL_0021,COCO_val2017,0,Real,data/external_v1/native/real/coco2017/EXT_REAL_0021_277689.jpg,a5e4920a2dabe0368a4c67c82a7bd5bf3cc351093f2ac8dcae9ded55ced6eb00,true,real_only_false_positive_stress
EXT_REAL_0022,COCO_val2017,0,Real,data/external_v1/native/real/coco2017/EXT_REAL_0022_192670.jpg,78166d1775deaa41e93780921bccec43c99a293626f44eb19c41fe56bd12925e,true,real_only_false_positive_stress
EXT_REAL_0023,COCO_val2017,0,Real,data/external_v1/native/real/coco2017/EXT_REAL_0023_461751.jpg,7dcf0c5f5135b3e8eedbda7794d0eb4a03e129a742468620a6e3918a14f79fca,true,real_only_false_positive_stress
EXT_REAL_0024,COCO_val2017,0,Real,data/external_v1/native/real/coco2017/EXT_REAL_0024_357567.jpg,a3ef4377e4e197497a39d30eeeca7ae759b96003f5546c23aec913f7ab251557,true,real_only_false_positive_stress
EXT_REAL_0025,COCO_val2017,0,Real,data/external_v1/native/real/coco2017/EXT_REAL_0025_356347.jpg,866001cc56b4cd99081f4a86677db1c83fbb412a89898df463698e97db9f20e6,true,real_only_false_positive_stress
EXT_REAL_0026,COCO_val2017,0,Real,data/external_v1/native/real/coco2017/EXT_REAL_0026_70254.jpg,9a594056863533874cb4b160e781ecebd562721e01e2450cbdd8486801c4979e,true,real_only_false_positive_stress
EXT_REAL_0027,COCO_val2017,0,Real,data/external_v1/native/real/coco2017/EXT_REAL_0027_88250.jpg,48de16fc1752d2b8eef87d2285bbe9dd21139ac91be586a19d59bc02f6c12391,true,real_only_false_positive_stress
EXT_REAL_0028,COCO_val2017,0,Real,data/external_v1/native/real/coco2017/EXT_REAL_0028_306437.jpg,22527e13322b44ff7a1605a44f5f7426e6d19b96ef0043678deaea17bac371bc,true,real_only_false_positive_stress
EXT_REAL_0029,COCO_val2017,0,Real,data/external_v1/native/real/coco2017/EXT_REAL_0029_11051.jpg,fb0f943cc1b027c64e5dbbc486b1d62d431244565e68b730e2ff8264d51116db,true,real_only_false_positive_stress
EXT_REAL_0030,COCO_val2017,0,Real,data/external_v1/native/real/coco2017/EXT_REAL_0030_560011.jpg,811b554184a3e1b1d2515f912c3dc972f81bdbcceb607629bef3a21fc5e8db38,true,real_only_false_positive_stress
EXT_REAL_0031,COCO_val2017,0,Real,data/external_v1/native/real/coco2017/EXT_REAL_0031_498463.jpg,245b8c02d9d43e7eb806c850ba42f4b6e60141238089d00e827eb56395b8ffb1,true,real_only_false_positive_stress
EXT_REAL_0032,COCO_val2017,0,Real,data/external_v1/native/real/coco2017/EXT_REAL_0032_119445.jpg,ef9c63a81758fdcbc4351eac736014c63e6677387051351771ed7183b55daa5d,true,real_only_false_positive_stress
EXT_REAL_0033,COCO_val2017,0,Real,data/external_v1/native/real/coco2017/EXT_REAL_0033_210708.jpg,0c999b00f5af2db5fce67022234c5f97eeb1550cbcfb217b322625f2d43e9152,true,real_only_false_positive_stress
EXT_REAL_0034,COCO_val2017,0,Real,data/external_v1/native/real/coco2017/EXT_REAL_0034_551794.jpg,4742da4db578ed6cdcb557661c7cff1e53e974d6c43762b324d904ba64e05a5d,true,real_only_false_positive_stress
EXT_REAL_0035,COCO_val2017,0,Real,data/external_v1/native/real/coco2017/EXT_REAL_0035_330396.jpg,9ce564f96173bf76a56de22f23e0dde0ae6e08b8ae9ed14169a38a6e0f40702b,true,real_only_false_positive_stress
EXT_REAL_0036,COCO_val2017,0,Real,data/external_v1/native/real/coco2017/EXT_REAL_0036_263299.jpg,62e5029b36c901539d8733037a5340ae2ef85ee287094ac784b28e9463b9d502,true,real_only_false_positive_stress
EXT_REAL_0037,COCO_val2017,0,Real,data/external_v1/native/real/coco2017/EXT_REAL_0037_140987.jpg,d27086b222411ecaa834b0f14ff635d155884bc38eacce0ec7c33846a07df322,true,real_only_false_positive_stress
EXT_REAL_0038,COCO_val2017,0,Real,data/external_v1/native/real/coco2017/EXT_REAL_0038_84362.jpg,078d217235bc234a17e34325cd551fa0944ea693a7e51c5647d0df7702bc840e,true,real_only_false_positive_stress
EXT_REAL_0039,COCO_val2017,0,Real,data/external_v1/native/real/coco2017/EXT_REAL_0039_403385.jpg,11632ed3fb470d62f7fe5f0445c4f10ec91225c4a820c95d1c3946af9426d4c7,true,real_only_false_positive_stress
EXT_REAL_0040,COCO_val2017,0,Real,data/external_v1/native/real/coco2017/EXT_REAL_0040_2923.jpg,46d2a5feb3f953b59316daee47b45332f07ebde1f88eb361f29b35c1fbbb62e0,true,real_only_false_positive_stress
EXT_REAL_0041,COCO_val2017,0,Real,data/external_v1/native/real/coco2017/EXT_REAL_0041_210032.jpg,23d2010f05ad0b9db319daca13eb0356edead8dc7e27993f3972cebb62fce957,true,real_only_false_positive_stress
EXT_REAL_0042,COCO_val2017,0,Real,data/external_v1/native/real/coco2017/EXT_REAL_0042_254814.jpg,915aec9b08643741b27129a6b789be3ba30fc47489b44cbe89771798be37d6bc,true,real_only_false_positive_stress
EXT_REAL_0043,COCO_val2017,0,Real,data/external_v1/native/real/coco2017/EXT_REAL_0043_50943.jpg,e3b0b34cf67c4db9ce9c92f4877d5c7c2f326109f02b6d2ea42c51b78a3748fa,true,real_only_false_positive_stress
EXT_REAL_0044,COCO_val2017,0,Real,data/external_v1/native/real/coco2017/EXT_REAL_0044_48504.jpg,7d194d283ced6a30a2f642cd58817b8007578b531c5346910a2520726dee3972,true,real_only_false_positive_stress
EXT_REAL_0045,COCO_val2017,0,Real,data/external_v1/native/real/coco2017/EXT_REAL_0045_327605.jpg,346cfff27f93a91c4293cbc8e6015909c70b1175c050c17d25f7e49d208639a5,true,real_only_false_positive_stress
EXT_REAL_0046,COCO_val2017,0,Real,data/external_v1/native/real/coco2017/EXT_REAL_0046_576955.jpg,3446d0b6db7f0b012c21ac8d2c76963f314fb34fa2247b0eb2166a016793ba9f,true,real_only_false_positive_stress
EXT_REAL_0047,COCO_val2017,0,Real,data/external_v1/native/real/coco2017/EXT_REAL_0047_149622.jpg,fafe4c11d925614bc0ce75e5c9e0eb38b54cb2746f9a37deee657cbe5a2598d2,true,real_only_false_positive_stress
EXT_REAL_0048,COCO_val2017,0,Real,data/external_v1/native/real/coco2017/EXT_REAL_0048_15272.jpg,d4a09d9517fea54811b7fabb1274117a107c4cb8fdccfbcae4ced6dd82034ce5,true,real_only_false_positive_stress
EXT_REAL_0049,COCO_val2017,0,Real,data/external_v1/native/real/coco2017/EXT_REAL_0049_370813.jpg,5d7493d858ce3b2b555346c7ac36a727083b0e45fba723112f9e1f3b30438a94,true,real_only_false_positive_stress
EXT_REAL_0050,COCO_val2017,0,Real,data/external_v1/native/real/coco2017/EXT_REAL_0050_157124.jpg,654b7bcb5c100947459fb30c3c0a021ebe9d7fcf6d72843e2cbfe22ad35976c7,true,real_only_false_positive_stress
EXT_REAL_0051,COCO_val2017,0,Real,data/external_v1/native/real/coco2017/EXT_REAL_0051_511321.jpg,1f11a7961b4d3175280aee99a8ec93107cc13c4ba798c16ecd1c8411a64a64eb,true,real_only_false_positive_stress
EXT_REAL_0052,COCO_val2017,0,Real,data/external_v1/native/real/coco2017/EXT_REAL_0052_2261.jpg,1a0ad595a5675bdc7a5e95c04def56109c00d61168fd826158322fd538d70279,true,real_only_false_positive_stress
EXT_REAL_0053,COCO_val2017,0,Real,data/external_v1/native/real/coco2017/EXT_REAL_0053_132703.jpg,78cb64743380a38e5d97d1e5e77b0e4bb13442e7fa9f32f364f363e8c310d39a,true,real_only_false_positive_stress
EXT_REAL_0054,COCO_val2017,0,Real,data/external_v1/native/real/coco2017/EXT_REAL_0054_458255.jpg,a736cbd407d124923301403a399ec841193221775b4cd9671776b8bafe9b29c1,true,real_only_false_positive_stress
EXT_REAL_0055,COCO_val2017,0,Real,data/external_v1/native/real/coco2017/EXT_REAL_0055_579091.jpg,bd9e636201c0a6c06deb1ce5c851a3c1d4949a749931fba33f0102cf627a87cd,true,real_only_false_positive_stress
EXT_REAL_0056,COCO_val2017,0,Real,data/external_v1/native/real/coco2017/EXT_REAL_0056_537672.jpg,f021329a3139127e815a6f2f9e270d4f69480a29bea3f0e4950fd55c949b7249,true,real_only_false_positive_stress
EXT_REAL_0057,COCO_val2017,0,Real,data/external_v1/native/real/coco2017/EXT_REAL_0057_419974.jpg,eff82e4b2a14a39e1f76d1ef1f4dc986866d985f679367e45c8c071a1f4078cf,true,real_only_false_positive_stress
EXT_REAL_0058,COCO_val2017,0,Real,data/external_v1/native/real/coco2017/EXT_REAL_0058_180798.jpg,c198bd864428c87ce1867f86332eb5f70b1c05b7db8d79702c0fd18fcc088580,true,real_only_false_positive_stress
EXT_REAL_0059,COCO_val2017,0,Real,data/external_v1/native/real/coco2017/EXT_REAL_0059_378873.jpg,1f529f83c9ceec1086b1fb67bb5d807e5e6992cb641e8b5fd33bb46b01d180c2,true,real_only_false_positive_stress
EXT_REAL_0060,COCO_val2017,0,Real,data/external_v1/native/real/coco2017/EXT_REAL_0060_576566.jpg,494fbef25a7b5c33413c5adb736c263778e501708a6904644ed40d259edcc9ec,true,real_only_false_positive_stress
EXT_REAL_0061,COCO_val2017,0,Real,data/external_v1/native/real/coco2017/EXT_REAL_0061_268375.jpg,4364d6c7abfc6a608bbfdb87a263a9fafc94a4eefcf08d5a8de28ef1f9f14e65,true,real_only_false_positive_stress
EXT_REAL_0062,COCO_val2017,0,Real,data/external_v1/native/real/coco2017/EXT_REAL_0062_23023.jpg,6c33ee9f7ee0332811ba3612c8ffa3636cbbe503e3b6f8c1f7f6ca0f2703ca3d,true,real_only_false_positive_stress
EXT_REAL_0063,COCO_val2017,0,Real,data/external_v1/native/real/coco2017/EXT_REAL_0063_547886.jpg,eb306ab7c6149a4f5ec631ae9a3fe5e3fb12c8d34278f72eab50c7e3536062a4,true,real_only_false_positive_stress
EXT_REAL_0064,COCO_val2017,0,Real,data/external_v1/native/real/coco2017/EXT_REAL_0064_190307.jpg,462b4190845ca027dc5d201f98ac07b4a90dd85a68108aea85167acdf475554e,true,real_only_false_positive_stress
EXT_REAL_0065,COCO_val2017,0,Real,data/external_v1/native/real/coco2017/EXT_REAL_0065_453040.jpg,a2487091b242be566698a97acb505a94282fad01ba9a8ef40ce420386b5294ee,true,real_only_false_positive_stress
EXT_REAL_0066,COCO_val2017,0,Real,data/external_v1/native/real/coco2017/EXT_REAL_0066_370270.jpg,674f14c11aee89bfd18e61e35e64eb505f709897eb4a8d1d7b18b1e095abe70d,true,real_only_false_positive_stress
EXT_REAL_0067,COCO_val2017,0,Real,data/external_v1/native/real/coco2017/EXT_REAL_0067_252716.jpg,03c8945e08a2835fc314bfdcce6c194067a97462124198ff8354ee343b6f20a7,true,real_only_false_positive_stress
EXT_REAL_0068,COCO_val2017,0,Real,data/external_v1/native/real/coco2017/EXT_REAL_0068_568290.jpg,116519cb932504866058215a0cca5e5d03b4af04a71e540db38c5caefb8d4725,true,real_only_false_positive_stress
EXT_REAL_0069,COCO_val2017,0,Real,data/external_v1/native/real/coco2017/EXT_REAL_0069_291861.jpg,0ea62df424497d5d69f414968efd9bc66e13e2e8cd7fac652881d78636553418,true,real_only_false_positive_stress
EXT_REAL_0070,COCO_val2017,0,Real,data/external_v1/native/real/coco2017/EXT_REAL_0070_36678.jpg,b1a453d5b19059f02e49f9056c31e1b4c09e58b8bd3093b0bd3266149d8dd1a4,true,real_only_false_positive_stress
EXT_REAL_0071,COCO_val2017,0,Real,data/external_v1/native/real/coco2017/EXT_REAL_0071_80659.jpg,3bb95ef4d109bf61336656d795b1ba66785c46d23bfdda66a26679cb17da1cf9,true,real_only_false_positive_stress
EXT_REAL_0072,COCO_val2017,0,Real,data/external_v1/native/real/coco2017/EXT_REAL_0072_181816.jpg,fd7fe9e831b97c31d2996209d4eb152558e46d752089d3a2b1b5e0cb21f343fe,true,real_only_false_positive_stress
EXT_REAL_0073,COCO_val2017,0,Real,data/external_v1/native/real/coco2017/EXT_REAL_0073_23034.jpg,2a571a9358b1d8096bad1d317fa81c179d1137feae2b6688881e9b286f0b7c1f,true,real_only_false_positive_stress
EXT_REAL_0074,COCO_val2017,0,Real,data/external_v1/native/real/coco2017/EXT_REAL_0074_48564.jpg,acaa81114ed1f6ba7a1d4ceea3376aee72f489afbe7db5e1e0515516978bfda7,true,real_only_false_positive_stress
EXT_REAL_0075,COCO_val2017,0,Real,data/external_v1/native/real/coco2017/EXT_REAL_0075_570664.jpg,34579fb585399d271b1530f0f9171fa5b7170f8e6abd8a4bd90c6569904e3967,true,real_only_false_positive_stress
EXT_REAL_0076,COCO_val2017,0,Real,data/external_v1/native/real/coco2017/EXT_REAL_0076_368294.jpg,5c18088f1d0cb44bf6bef798b2d309ee5895c28a7e554206f4d0eaaf382330ed,true,real_only_false_positive_stress
EXT_REAL_0077,COCO_val2017,0,Real,data/external_v1/native/real/coco2017/EXT_REAL_0077_433192.jpg,37f2b41410d52beb0cfd7a4a3673d91b674d709858897c3805b3448c4bccaeee,true,real_only_false_positive_stress
EXT_REAL_0078,COCO_val2017,0,Real,data/external_v1/native/real/coco2017/EXT_REAL_0078_176232.jpg,82d3a0296919bc33cacde6f3e3052106eb8ddfbee3d679effdf9313e32819a93,true,real_only_false_positive_stress
EXT_REAL_0079,COCO_val2017,0,Real,data/external_v1/native/real/coco2017/EXT_REAL_0079_477805.jpg,cc5693690f874de2a2bf9eb249b3125bab0bf7f6f0a464c61a63c488478383d5,true,real_only_false_positive_stress
EXT_REAL_0080,COCO_val2017,0,Real,data/external_v1/native/real/coco2017/EXT_REAL_0080_85195.jpg,2d2bb2aa6f3f14bec72d764a7e265576fd4403922d4840af927be8a2c7ad00c7,true,real_only_false_positive_stress
EXT_REAL_0081,COCO_val2017,0,Real,data/external_v1/native/real/coco2017/EXT_REAL_0081_224222.jpg,c006a25d579fd4fc5394c06f2b7b44775aa7df92faeb10aa10a2818874298c28,true,real_only_false_positive_stress
EXT_REAL_0082,COCO_val2017,0,Real,data/external_v1/native/real/coco2017/EXT_REAL_0082_309678.jpg,0fe83ac7fa959dd6bfb61a784a9f795fc654448c9ae88f443d7630d00988d44f,true,real_only_false_positive_stress
EXT_REAL_0083,COCO_val2017,0,Real,data/external_v1/native/real/coco2017/EXT_REAL_0083_542073.jpg,bbcf20f2a071ee23a95eefe284cd59bf2360fafcdb689144a8a91a1cb0824cc6,true,real_only_false_positive_stress
EXT_REAL_0084,COCO_val2017,0,Real,data/external_v1/native/real/coco2017/EXT_REAL_0084_438955.jpg,3d9cfbdfb0a856db79ea282730c631058f5678931797cacf21229c56813caa6b,true,real_only_false_positive_stress
EXT_REAL_0085,COCO_val2017,0,Real,data/external_v1/native/real/coco2017/EXT_REAL_0085_393115.jpg,810ec9c453a1e857b7c555a5b52b31c1e754a61a2b6d944c59f52fc870448a48,true,real_only_false_positive_stress
EXT_REAL_0086,COCO_val2017,0,Real,data/external_v1/native/real/coco2017/EXT_REAL_0086_469652.jpg,b80d47ed676779de6bd1e474e54825607aa9eab2b445c1cd3500a477543d78e6,true,real_only_false_positive_stress
EXT_REAL_0087,COCO_val2017,0,Real,data/external_v1/native/real/coco2017/EXT_REAL_0087_79651.jpg,05107da6f72e8e495bbfaa0e8d638433cb5fd9c35d43bf193ff2b12db0c684bb,true,real_only_false_positive_stress
EXT_REAL_0088,COCO_val2017,0,Real,data/external_v1/native/real/coco2017/EXT_REAL_0088_323571.jpg,68c5546797645a48dbaa2e80d7bbf08cead6ca1e0a5536e721d185ae76a05bd1,true,real_only_false_positive_stress
EXT_REAL_0089,COCO_val2017,0,Real,data/external_v1/native/real/coco2017/EXT_REAL_0089_239717.jpg,f2992928b4db1f874d9accab690e78ff37775d02a060abfd6b59a2c86e87ddb7,true,real_only_false_positive_stress
EXT_REAL_0090,COCO_val2017,0,Real,data/external_v1/native/real/coco2017/EXT_REAL_0090_11197.jpg,b6dbcc5c9e52f51480c4974ae6b15003ce25cd98fb936e2f26694fb7058fdbcb,true,real_only_false_positive_stress
EXT_REAL_0091,COCO_val2017,0,Real,data/external_v1/native/real/coco2017/EXT_REAL_0091_376112.jpg,af848aaa3894e9a80dc6add9b135b9aed3d3f6ce3e0707494d4cc3c969572211,true,real_only_false_positive_stress
EXT_REAL_0092,COCO_val2017,0,Real,data/external_v1/native/real/coco2017/EXT_REAL_0092_370375.jpg,620bf23ce72f95d868618f4c414aa9037fa6cba93daa465cfed30d03b0f55dec,true,real_only_false_positive_stress
EXT_REAL_0093,COCO_val2017,0,Real,data/external_v1/native/real/coco2017/EXT_REAL_0093_486573.jpg,5ef9eda85c70a1298ceb23d5c30c7a3592010e430cb558c09d1ae533069cec58,true,real_only_false_positive_stress
EXT_REAL_0094,COCO_val2017,0,Real,data/external_v1/native/real/coco2017/EXT_REAL_0094_46463.jpg,ab7f51b790223a301a4c2509cf2ff78554149b76c2ccfb54f303076d6fa412b1,true,real_only_false_positive_stress
EXT_REAL_0095,COCO_val2017,0,Real,data/external_v1/native/real/coco2017/EXT_REAL_0095_425227.jpg,332c20d5b88df3494bc276ab964a6a0fd097d64cb23bc2a02c6c5d2170b4319b,true,real_only_false_positive_stress
EXT_REAL_0096,COCO_val2017,0,Real,data/external_v1/native/real/coco2017/EXT_REAL_0096_505789.jpg,73fd4000636685e13e7c35092cd2935afe188bf15edf7fefc901affad73ab7f0,true,real_only_false_positive_stress
EXT_REAL_0097,COCO_val2017,0,Real,data/external_v1/native/real/coco2017/EXT_REAL_0097_453302.jpg,1ad88a0c945dc492b63cec1cea8cb48630d74029f4f5be854b85e8032a50928b,true,real_only_false_positive_stress
EXT_REAL_0098,COCO_val2017,0,Real,data/external_v1/native/real/coco2017/EXT_REAL_0098_416343.jpg,3ca1c0cb20762bf4268fdcad16a9c88256c68a30d2a5f3b46088dbf47e9eee8e,true,real_only_false_positive_stress
EXT_REAL_0099,COCO_val2017,0,Real,data/external_v1/native/real/coco2017/EXT_REAL_0099_402519.jpg,67a26f7ec2001238cb1819aff95422ba7b57c6973cef05f60faab97d7c308e2e,true,real_only_false_positive_stress
EXT_REAL_0100,COCO_val2017,0,Real,data/external_v1/native/real/coco2017/EXT_REAL_0100_192964.jpg,867d92b86b04b27d8aec542c97d060d822a93911450283bc54cc34d2065989e5,true,real_only_false_positive_stress
EXT_REAL_0101,COCO_val2017,0,Real,data/external_v1/native/real/coco2017/EXT_REAL_0101_429598.jpg,cf692837b22f590cc75ed7eb9bcabd26772c71e924a35506df081b0956755bb2,true,real_only_false_positive_stress
EXT_REAL_0102,COCO_val2017,0,Real,data/external_v1/native/real/coco2017/EXT_REAL_0102_16228.jpg,b34d80f1f13989eb0c7031f95373a9e26c698397cb9511b422dcf5daba60110e,true,real_only_false_positive_stress
EXT_REAL_0103,COCO_val2017,0,Real,data/external_v1/native/real/coco2017/EXT_REAL_0103_210388.jpg,fa6c51682ef9eed545698b2a05c7009b257d0e4ff0443f4c4912f650a3f5695d,true,real_only_false_positive_stress
EXT_REAL_0104,COCO_val2017,0,Real,data/external_v1/native/real/coco2017/EXT_REAL_0104_186282.jpg,73c0456e323cfed4d729360302c86b5a4cefca1257e2ae9e30a04deda0b35e14,true,real_only_false_positive_stress
EXT_REAL_0105,COCO_val2017,0,Real,data/external_v1/native/real/coco2017/EXT_REAL_0105_187734.jpg,fbeacd39a37771ba923706efad0643dc2437659515445db3afbf134a1ecc2724,true,real_only_false_positive_stress
EXT_REAL_0106,COCO_val2017,0,Real,data/external_v1/native/real/coco2017/EXT_REAL_0106_378605.jpg,8ad449c587e890e4a9251169f12d80de8cd7af92263b6dc4ff51fb9a8f224431,true,real_only_false_positive_stress
EXT_REAL_0107,COCO_val2017,0,Real,data/external_v1/native/real/coco2017/EXT_REAL_0107_110884.jpg,faf9801b8df916f8229df6f1e9ee1a5e67b70f9de6c1c1f217c2204d0048146c,true,real_only_false_positive_stress
EXT_REAL_0108,COCO_val2017,0,Real,data/external_v1/native/real/coco2017/EXT_REAL_0108_570456.jpg,fabe7272f19d1b61303802b7d8183d018a88a9129d1cb028613fdeb7aa050639,true,real_only_false_positive_stress
EXT_REAL_0109,COCO_val2017,0,Real,data/external_v1/native/real/coco2017/EXT_REAL_0109_484404.jpg,c61e17a3b972aaa3f9525eeaf181538f544263b1f44e840f05eb892eee2e898e,true,real_only_false_positive_stress
EXT_REAL_0110,COCO_val2017,0,Real,data/external_v1/native/real/coco2017/EXT_REAL_0110_544306.jpg,d238afe7dd8d579c3891d35ca8eca2925e43d196f933e61ac6f93d418fe68987,true,real_only_false_positive_stress
EXT_REAL_0111,COCO_val2017,0,Real,data/external_v1/native/real/coco2017/EXT_REAL_0111_61268.jpg,a24e909fbe59df668c41b2aba50e2f88a316e0d9e28881236454fd1c1b7b44d8,true,real_only_false_positive_stress
EXT_REAL_0112,COCO_val2017,0,Real,data/external_v1/native/real/coco2017/EXT_REAL_0112_116362.jpg,016c0d06fa81cdd90a9516c582b0627fc091ca00030db77a903f3db2b310e2ca,true,real_only_false_positive_stress
EXT_REAL_0113,COCO_val2017,0,Real,data/external_v1/native/real/coco2017/EXT_REAL_0113_308476.jpg,cbeb387151ab757cd14790a4ecd809a3e4556943a16d1683a6d5ebb51a268be6,true,real_only_false_positive_stress
EXT_REAL_0114,COCO_val2017,0,Real,data/external_v1/native/real/coco2017/EXT_REAL_0114_549930.jpg,4b9c8d2bd7df7bb6653c2106eb785dde6cdb39dda55c792e704e0b3cd95bd0e1,true,real_only_false_positive_stress
EXT_REAL_0115,COCO_val2017,0,Real,data/external_v1/native/real/coco2017/EXT_REAL_0115_439593.jpg,e104e95526e6ac6f41f1d83019b7d6319d5b017e780244ba5cd9e93001737087,true,real_only_false_positive_stress
EXT_REAL_0116,COCO_val2017,0,Real,data/external_v1/native/real/coco2017/EXT_REAL_0116_238013.jpg,b2a4b57c6fc00d190303b29b893d175e47fd9b30cc0c1ae623877ed3660f7be8,true,real_only_false_positive_stress
EXT_REAL_0117,COCO_val2017,0,Real,data/external_v1/native/real/coco2017/EXT_REAL_0117_302165.jpg,b511159d3c07ca65cd19d4e0e409b13744ac86ab023273cc6a110f0004d91622,true,real_only_false_positive_stress
EXT_REAL_0118,COCO_val2017,0,Real,data/external_v1/native/real/coco2017/EXT_REAL_0118_410712.jpg,4fa3aab23ce3814a1da7f65ce615000413900e0f915daaf420c3af64a6bf6e93,true,real_only_false_positive_stress
EXT_REAL_0119,COCO_val2017,0,Real,data/external_v1/native/real/coco2017/EXT_REAL_0119_274219.jpg,a2b2e8d425f64a51b566261300bbb1f528ab1967aee4f3283b9d214b37cb1c9d,true,real_only_false_positive_stress
EXT_REAL_0120,COCO_val2017,0,Real,data/external_v1/native/real/coco2017/EXT_REAL_0120_48924.jpg,7e4db164281de37dafa6d3a4e861f6777d0202661e92d11fb2b739e39fa8c391,true,real_only_false_positive_stress
EXT_REAL_0121,COCO_val2017,0,Real,data/external_v1/native/real/coco2017/EXT_REAL_0121_253452.jpg,90b9cd707259e153539ccf4d223534622dcb6ff38bf7d4c515dfda6997b8e0dd,true,real_only_false_positive_stress
EXT_REAL_0122,COCO_val2017,0,Real,data/external_v1/native/real/coco2017/EXT_REAL_0122_66771.jpg,82e0b9ed0511a74ebef3dabcb3fbe37e9d9b7dc5a6fa41eec60f1817ce2374ff,true,real_only_false_positive_stress
EXT_REAL_0123,COCO_val2017,0,Real,data/external_v1/native/real/coco2017/EXT_REAL_0123_97585.jpg,2c741618578dd3a7b1e62de447e6a3d0ae7c7b34a927e51081038e857b65fe71,true,real_only_false_positive_stress
EXT_REAL_0124,COCO_val2017,0,Real,data/external_v1/native/real/coco2017/EXT_REAL_0124_157807.jpg,41a423af33123a924fd6b38d5318c0f9db0f83c139d32b718b2b09fc6bace310,true,real_only_false_positive_stress
EXT_REAL_0125,COCO_val2017,0,Real,data/external_v1/native/real/coco2017/EXT_REAL_0125_154339.jpg,dae5ae8f6c1f802496dcbac451f0c97d694bc1c5e58d1653c203405697be0634,true,real_only_false_positive_stress
EXT_REAL_0126,COCO_val2017,0,Real,data/external_v1/native/real/coco2017/EXT_REAL_0126_315219.jpg,1548bc0e76bce507bcfaaa9dcf3aa9d4f41860ff54f0a1b9ef97e748dfccd6c6,true,real_only_false_positive_stress
EXT_REAL_0127,COCO_val2017,0,Real,data/external_v1/native/real/coco2017/EXT_REAL_0127_393093.jpg,624c5f297bf60acc8e87553772a60cdd580b108560d8e0a02eaba8cdc8bdbb33,true,real_only_false_positive_stress
EXT_REAL_0128,COCO_val2017,0,Real,data/external_v1/native/real/coco2017/EXT_REAL_0128_167067.jpg,b8f6397e0fc88a86a33ea3401d66a07f217e82b48da12f7aa5d2deadf6fd959d,true,real_only_false_positive_stress
EXT_REAL_0129,COCO_val2017,0,Real,data/external_v1/native/real/coco2017/EXT_REAL_0129_414340.jpg,4434c715aa868745ed8d4506dfd812da5e0e6fdf0fba8250c7bded4cd15337b8,true,real_only_false_positive_stress
EXT_REAL_0130,COCO_val2017,0,Real,data/external_v1/native/real/coco2017/EXT_REAL_0130_535523.jpg,8a1cc07d753317d0f516022793f505d3b327cb1c7cb06e813ef99065ef2890f3,true,real_only_false_positive_stress
EXT_REAL_0131,COCO_val2017,0,Real,data/external_v1/native/real/coco2017/EXT_REAL_0131_67310.jpg,d0dab872bf367cbf1b8380dd3b39a365d9a3c2e0b38e5db98d90e24e66ef55ba,true,real_only_false_positive_stress
EXT_REAL_0132,COCO_val2017,0,Real,data/external_v1/native/real/coco2017/EXT_REAL_0132_365207.jpg,a0c9dc87e3341b576555e62ffa9592584875d4eb75052ddbe14ba198b9e71edf,true,real_only_false_positive_stress
EXT_REAL_0133,COCO_val2017,0,Real,data/external_v1/native/real/coco2017/EXT_REAL_0133_276055.jpg,e5ccfb9ce6af7dcdb972a85127b646f066a84de1a8d17f1bc3d24a63b1c18f1a,true,real_only_false_positive_stress
EXT_REAL_0134,COCO_val2017,0,Real,data/external_v1/native/real/coco2017/EXT_REAL_0134_89271.jpg,a9f557f680083c45c3b9e32e3d70daec201f204e987b3d20a3eb592836893828,true,real_only_false_positive_stress
EXT_REAL_0135,COCO_val2017,0,Real,data/external_v1/native/real/coco2017/EXT_REAL_0135_209747.jpg,1b46886995057f6f22e6a7b53100789775c7531c1e198fd3101f0fac532013c1,true,real_only_false_positive_stress
EXT_REAL_0136,COCO_val2017,0,Real,data/external_v1/native/real/coco2017/EXT_REAL_0136_551822.jpg,ef9eb53ac602092f01ee69ab8f8d43a2f7c68fea857509a0f4f061b3dec29916,true,real_only_false_positive_stress
EXT_REAL_0137,COCO_val2017,0,Real,data/external_v1/native/real/coco2017/EXT_REAL_0137_442463.jpg,54e7cd780d2099df8f8197e8b388143e25872ec5225ae462edbfae8d0b8c1c2b,true,real_only_false_positive_stress
EXT_REAL_0138,COCO_val2017,0,Real,data/external_v1/native/real/coco2017/EXT_REAL_0138_229311.jpg,da6dbe6397f27fff82246528f526f7f58dffedf64384b9b2d9241ffa4872bedf,true,real_only_false_positive_stress
EXT_REAL_0139,COCO_val2017,0,Real,data/external_v1/native/real/coco2017/EXT_REAL_0139_439854.jpg,d6e7d64034450928727ac679856ac954dd617129144f713e29beb0cf619b5e16,true,real_only_false_positive_stress
EXT_REAL_0140,COCO_val2017,0,Real,data/external_v1/native/real/coco2017/EXT_REAL_0140_418062.jpg,6878c319a0fcf0cb9a1f24efa3129fefe01b07be2c655746cfa31516f4344c52,true,real_only_false_positive_stress
EXT_REAL_0141,COCO_val2017,0,Real,data/external_v1/native/real/coco2017/EXT_REAL_0141_88218.jpg,faa37d0ad642b2c7a6f7cd4492abb29c19aca29937f0050181745e0f7e765dfa,true,real_only_false_positive_stress
EXT_REAL_0142,COCO_val2017,0,Real,data/external_v1/native/real/coco2017/EXT_REAL_0142_380913.jpg,5e9b8a7ce105df1ca2551d8b00101b53c53140a7a27cfbb6d549197a6798b707,true,real_only_false_positive_stress
EXT_REAL_0143,COCO_val2017,0,Real,data/external_v1/native/real/coco2017/EXT_REAL_0143_233727.jpg,51af6bee62011f2031b93e7039c81bf8ad65d484146ac8f2541a530d410644a0,true,real_only_false_positive_stress
EXT_REAL_0144,COCO_val2017,0,Real,data/external_v1/native/real/coco2017/EXT_REAL_0144_153782.jpg,aa9f9f447da5bf2fdec5da1526cd316ba028c12eacd52a6c3544a378279c7040,true,real_only_false_positive_stress
EXT_REAL_0145,COCO_val2017,0,Real,data/external_v1/native/real/coco2017/EXT_REAL_0145_126137.jpg,dc85b8f4b20db9a7c5e66335202f9f2b303109e62af82536862ba0b4ce98d065,true,real_only_false_positive_stress
EXT_REAL_0146,COCO_val2017,0,Real,data/external_v1/native/real/coco2017/EXT_REAL_0146_509656.jpg,35999246ea14f79b4f19825a38b428955f3456a389c3a0aa2301067cc9141d40,true,real_only_false_positive_stress
EXT_REAL_0147,COCO_val2017,0,Real,data/external_v1/native/real/coco2017/EXT_REAL_0147_565624.jpg,fd87feee6134f650ffa31d18c66ca8bb0745c20a0906fa2450a8e543df3fdd64,true,real_only_false_positive_stress
EXT_REAL_0148,COCO_val2017,0,Real,data/external_v1/native/real/coco2017/EXT_REAL_0148_148707.jpg,65cad59294282125ccfec8acd572381af824b3307d995f031d2a61b923660ff3,true,real_only_false_positive_stress
EXT_REAL_0149,COCO_val2017,0,Real,data/external_v1/native/real/coco2017/EXT_REAL_0149_370208.jpg,074ac425cb005165a87fdcea693f1a229ffb1020c6e8b363acfc9a25c02bcb9b,true,real_only_false_positive_stress
EXT_REAL_0150,COCO_val2017,0,Real,data/external_v1/native/real/coco2017/EXT_REAL_0150_396580.jpg,bcad824139d7ce196ca1ee09a4d354f86378fbeb3de6261f3789148ab052e8c5,true,real_only_false_positive_stress
EXT_REAL_0151,COCO_val2017,0,Real,data/external_v1/native/real/coco2017/EXT_REAL_0151_47769.jpg,05ded59f58ff9936caaecf0be4cbe8ac15aae965828d9d11734825deb0fb7ea6,true,real_only_false_positive_stress
EXT_REAL_0152,COCO_val2017,0,Real,data/external_v1/native/real/coco2017/EXT_REAL_0152_167353.jpg,8e6737773e7548e3fc299c7dc5e255b5997c0b05e08423f016b277719e8232a0,true,real_only_false_positive_stress
EXT_REAL_0153,COCO_val2017,0,Real,data/external_v1/native/real/coco2017/EXT_REAL_0153_293804.jpg,5029aa3cb3511612c828f5924dfe285b2f6831cfb71de6817fa0099c945d19d9,true,real_only_false_positive_stress
EXT_REAL_0154,COCO_val2017,0,Real,data/external_v1/native/real/coco2017/EXT_REAL_0154_430973.jpg,67775b3c46e8889ceb11c221c1777cf62dda22c2b3208ea68647d5838a2f2d28,true,real_only_false_positive_stress
EXT_REAL_0155,COCO_val2017,0,Real,data/external_v1/native/real/coco2017/EXT_REAL_0155_480275.jpg,9c9682ad229ed5f848cf396a110dcbf00d60c91882aab4b15d30edb6d5e4ea4e,true,real_only_false_positive_stress
EXT_REAL_0156,COCO_val2017,0,Real,data/external_v1/native/real/coco2017/EXT_REAL_0156_217425.jpg,2521d82ddda6653e95352a475fa23efb0f0962058387864c83264c8afb07a64b,true,real_only_false_positive_stress
EXT_REAL_0157,COCO_val2017,0,Real,data/external_v1/native/real/coco2017/EXT_REAL_0157_256916.jpg,2593cdd6dd4d062527ff870041d7f9465a659c63a69edd865d03fd03af4a62cc,true,real_only_false_positive_stress
EXT_REAL_0158,COCO_val2017,0,Real,data/external_v1/native/real/coco2017/EXT_REAL_0158_275058.jpg,cffdab202c9cc07314e225c6a85caaed78e2f49d54480ec0f3409eedddd81f3e,true,real_only_false_positive_stress
EXT_REAL_0159,COCO_val2017,0,Real,data/external_v1/native/real/coco2017/EXT_REAL_0159_468124.jpg,741146235c81e978c8dae22c59159c0762a9d75fad9dbbe3511d3ec62196adca,true,real_only_false_positive_stress
EXT_REAL_0160,COCO_val2017,0,Real,data/external_v1/native/real/coco2017/EXT_REAL_0160_361621.jpg,27ef851c1525eda678fa34f7bff43ef5ff44fa50a9280f435b41aa0629db393f,true,real_only_false_positive_stress
EXT_REAL_0161,COCO_val2017,0,Real,data/external_v1/native/real/coco2017/EXT_REAL_0161_136915.jpg,52e676f1c7ad54796f249b175caf31b93c22348914b6f94d279d298dc2e6d4d7,true,real_only_false_positive_stress
EXT_REAL_0162,COCO_val2017,0,Real,data/external_v1/native/real/coco2017/EXT_REAL_0162_351530.jpg,c0dd4c7912f49996c6db70407078f13642da6239661294dc27bf190b2e1669f7,true,real_only_false_positive_stress
EXT_REAL_0163,COCO_val2017,0,Real,data/external_v1/native/real/coco2017/EXT_REAL_0163_100238.jpg,aeebb3301d652e291323df9567bed787a7966fefbefeb0629634424b1567769b,true,real_only_false_positive_stress
EXT_REAL_0164,COCO_val2017,0,Real,data/external_v1/native/real/coco2017/EXT_REAL_0164_151820.jpg,2fa3ec0a2091a4e4a8953dbd434ea05450172bb75c7ff49aca32d82359539ae9,true,real_only_false_positive_stress
EXT_REAL_0165,COCO_val2017,0,Real,data/external_v1/native/real/coco2017/EXT_REAL_0165_5037.jpg,b47318f2a6f652027f6435c462fae0567d925f67ab3279d08d5da2f322322dda,true,real_only_false_positive_stress
EXT_REAL_0166,COCO_val2017,0,Real,data/external_v1/native/real/coco2017/EXT_REAL_0166_169169.jpg,d267375dc1802876eeafb14a9da413bf1f2f9bd802a1645ebbf3c58a41520cf5,true,real_only_false_positive_stress
EXT_REAL_0167,COCO_val2017,0,Real,data/external_v1/native/real/coco2017/EXT_REAL_0167_426836.jpg,58226343a8196f38f86225c5025e7dd6d72327eb97a558da39198837639ce103,true,real_only_false_positive_stress
EXT_REAL_0168,COCO_val2017,0,Real,data/external_v1/native/real/coco2017/EXT_REAL_0168_92839.jpg,8cef3815ef0704e21f1c9700db528de5159408edf517831c79b7eedab9a07557,true,real_only_false_positive_stress
EXT_REAL_0169,COCO_val2017,0,Real,data/external_v1/native/real/coco2017/EXT_REAL_0169_246968.jpg,5f7990e5edb8b8ab72faeef5ad6391976b24c2ab14d1c05d178fba70fadfd435,true,real_only_false_positive_stress
EXT_REAL_0170,COCO_val2017,0,Real,data/external_v1/native/real/coco2017/EXT_REAL_0170_308328.jpg,58a5b249b1f0f9b33ac2a3fc00fb7217e359a6430d300f637397dcef9c91e2b7,true,real_only_false_positive_stress
EXT_REAL_0171,COCO_val2017,0,Real,data/external_v1/native/real/coco2017/EXT_REAL_0171_198510.jpg,5a5cb0cd390d6fa510669250d52058d8c3f4dc2024ff7ad727a0b5cdfc35a674,true,real_only_false_positive_stress
EXT_REAL_0172,COCO_val2017,0,Real,data/external_v1/native/real/coco2017/EXT_REAL_0172_51598.jpg,d727cfdbd87883caabe464636cebdac19c89cae7d948d19c1f86f4230edfcdbf,true,real_only_false_positive_stress
EXT_REAL_0173,COCO_val2017,0,Real,data/external_v1/native/real/coco2017/EXT_REAL_0173_522940.jpg,aa5f5a572998b2b8e100c7da7b8846df5e1d7b264212216792cf3cb30e28fd41,true,real_only_false_positive_stress
EXT_REAL_0174,COCO_val2017,0,Real,data/external_v1/native/real/coco2017/EXT_REAL_0174_313182.jpg,eb866ca692e9cbffe64807c519b6b2ce6fec169734658331c3399613cd8ec20f,true,real_only_false_positive_stress
EXT_REAL_0175,COCO_val2017,0,Real,data/external_v1/native/real/coco2017/EXT_REAL_0175_571943.jpg,d67f60187663a457b942a3ed0b14e3397a0c02c51d3a5e8a47b9395189ceffbb,true,real_only_false_positive_stress
EXT_REAL_0176,COCO_val2017,0,Real,data/external_v1/native/real/coco2017/EXT_REAL_0176_426203.jpg,94a9984efc0eb80d48c571f183e6b50f22f44025f715bcef0eec1aac8e4fc856,true,real_only_false_positive_stress
EXT_REAL_0177,COCO_val2017,0,Real,data/external_v1/native/real/coco2017/EXT_REAL_0177_140840.jpg,6e9a30e9383f7ddfaddf44a787ab4ff3c57f107182813d93ea5499b3cbd40b52,true,real_only_false_positive_stress
EXT_REAL_0178,COCO_val2017,0,Real,data/external_v1/native/real/coco2017/EXT_REAL_0178_577862.jpg,0e1d8468f9c8b96055d2d8123528922e11ee73cd1ad4736bb6d2515822e79e1f,true,real_only_false_positive_stress
EXT_REAL_0179,COCO_val2017,0,Real,data/external_v1/native/real/coco2017/EXT_REAL_0179_531135.jpg,d398067152529e4d12c1371bb8744ded60db1286fcd4500521b8ac8f5687df2a,true,real_only_false_positive_stress
EXT_REAL_0180,COCO_val2017,0,Real,data/external_v1/native/real/coco2017/EXT_REAL_0180_425925.jpg,9c4f354219c5cf427d781457569ac068f0cb680185124a1f7b38907c7ae8c060,true,real_only_false_positive_stress
EXT_REAL_0181,COCO_val2017,0,Real,data/external_v1/native/real/coco2017/EXT_REAL_0181_345252.jpg,66172a2b05cff851176357c92f276effce2fc57c68bf19a5d3bd7e4e47d55186,true,real_only_false_positive_stress
EXT_REAL_0182,COCO_val2017,0,Real,data/external_v1/native/real/coco2017/EXT_REAL_0182_42528.jpg,842d6691981b2204da0e59afb546a251846336ae71e1e95f6dd87b346d0a5efc,true,real_only_false_positive_stress
EXT_REAL_0183,COCO_val2017,0,Real,data/external_v1/native/real/coco2017/EXT_REAL_0183_580757.jpg,99039df0eee886265a1aae2dbce6ffa960d3ae8593fa39cc469716bcfdc13176,true,real_only_false_positive_stress
EXT_REAL_0184,COCO_val2017,0,Real,data/external_v1/native/real/coco2017/EXT_REAL_0184_65736.jpg,2964c5da08d186b8a875c9ec2de8aa7a829da5b6bb028a70933baf7eecf8dde8,true,real_only_false_positive_stress
EXT_REAL_0185,COCO_val2017,0,Real,data/external_v1/native/real/coco2017/EXT_REAL_0185_388846.jpg,59ef9c73d5d2460a67189695079bdb5560922e4e1f0c40a346a105d61abf261d,true,real_only_false_positive_stress
EXT_REAL_0186,COCO_val2017,0,Real,data/external_v1/native/real/coco2017/EXT_REAL_0186_117197.jpg,fc504bd2e9215a5602428db2a642e3baa5e30920a57474dd3b27a21dd0b0f239,true,real_only_false_positive_stress
EXT_REAL_0187,COCO_val2017,0,Real,data/external_v1/native/real/coco2017/EXT_REAL_0187_543043.jpg,4af0de72921e9d9731338426863936affbd35f93a9f2a055ea0fb2b677c7a04a,true,real_only_false_positive_stress
EXT_REAL_0188,COCO_val2017,0,Real,data/external_v1/native/real/coco2017/EXT_REAL_0188_60507.jpg,0aa436c998cd750d278170996d88b02869af323af4543ae4a8ef6349a14ca7fb,true,real_only_false_positive_stress
EXT_REAL_0189,COCO_val2017,0,Real,data/external_v1/native/real/coco2017/EXT_REAL_0189_60835.jpg,e261953e1c8710e756619fd0d4332366b7abf0318d5928a17f1ef3a0b8e63d26,true,real_only_false_positive_stress
EXT_REAL_0190,COCO_val2017,0,Real,data/external_v1/native/real/coco2017/EXT_REAL_0190_133567.jpg,aba5ed0528d69067d47bfd8338a85f048f2e0c38ca327ba937c05782f9ead100,true,real_only_false_positive_stress
EXT_REAL_0191,COCO_val2017,0,Real,data/external_v1/native/real/coco2017/EXT_REAL_0191_223130.jpg,bc113e1f771631b951b5dd6102099a78f0f9f69b8219a88f3065c7f62b28b13e,true,real_only_false_positive_stress
EXT_REAL_0192,COCO_val2017,0,Real,data/external_v1/native/real/coco2017/EXT_REAL_0192_172330.jpg,ef1b61b35ac3aa2af9d9cdb01f52ac79703a5ad0f0fbe036d6aecb94c07c212f,true,real_only_false_positive_stress
EXT_REAL_0193,COCO_val2017,0,Real,data/external_v1/native/real/coco2017/EXT_REAL_0193_77595.jpg,84be4b8df0a35ce7a85c08d9a506ca3bfa430aca00fcab9650dc25ac1f37c0a9,true,real_only_false_positive_stress
EXT_REAL_0194,COCO_val2017,0,Real,data/external_v1/native/real/coco2017/EXT_REAL_0194_194724.jpg,ef3c018f96fdab2b7bfb28ffd8b952535c8c1084d2a39eb5133c14e585c137c4,true,real_only_false_positive_stress
EXT_REAL_0195,COCO_val2017,0,Real,data/external_v1/native/real/coco2017/EXT_REAL_0195_161879.jpg,899a765ba61e9f1252055941a01b2202e991d7e04153c18ac7fbb1cd17391bce,true,real_only_false_positive_stress
EXT_REAL_0196,COCO_val2017,0,Real,data/external_v1/native/real/coco2017/EXT_REAL_0196_333745.jpg,db3e2af085b3eafd7b00ebf44f43eebf839838a68493dcaaa3529fff953835c9,true,real_only_false_positive_stress
EXT_REAL_0197,COCO_val2017,0,Real,data/external_v1/native/real/coco2017/EXT_REAL_0197_213816.jpg,bb6a26d8f3db02eab804606cafc4ccb43cf71d4cd41a9b328c830e87372aa40e,true,real_only_false_positive_stress
EXT_REAL_0198,COCO_val2017,0,Real,data/external_v1/native/real/coco2017/EXT_REAL_0198_374551.jpg,74d7c8949cc1578c8b67ea703dad718b053a38901f7d56001c894dfb858a472a,true,real_only_false_positive_stress
EXT_REAL_0199,COCO_val2017,0,Real,data/external_v1/native/real/coco2017/EXT_REAL_0199_364297.jpg,26fe8e8acf4da5acf46c8a745530edfb97fc98622717e3133ebde99b35a7ca33,true,real_only_false_positive_stress
EXT_REAL_0200,COCO_val2017,0,Real,data/external_v1/native/real/coco2017/EXT_REAL_0200_352684.jpg,da8028056a1503782c966bfb4643cd9ec67a926be49f45016b5f968fbc5579e9,true,real_only_false_positive_stress
EXT_REAL_0201,COCO_val2017,0,Real,data/external_v1/native/real/coco2017/EXT_REAL_0201_347693.jpg,2f3bf48e66d0f5ec0b9494f04a34a32441e9ca025ca1db177e3a49606b47f161,true,real_only_false_positive_stress
EXT_REAL_0202,COCO_val2017,0,Real,data/external_v1/native/real/coco2017/EXT_REAL_0202_41888.jpg,a53fa56864d2c170551c0584813aa5a39b586f100bc16dc26010e9af88f16cea,true,real_only_false_positive_stress
EXT_REAL_0203,COCO_val2017,0,Real,data/external_v1/native/real/coco2017/EXT_REAL_0203_297084.jpg,9e812fd1861d9bc51048321fec481961b40f37c55f04350d6704a7446944d16d,true,real_only_false_positive_stress
EXT_REAL_0204,COCO_val2017,0,Real,data/external_v1/native/real/coco2017/EXT_REAL_0204_136334.jpg,f06e5539ac4ea05d778598f8a61c00f6ccfd73a533707373eabf0b640714b872,true,real_only_false_positive_stress
EXT_REAL_0205,COCO_val2017,0,Real,data/external_v1/native/real/coco2017/EXT_REAL_0205_229111.jpg,6cf7af80f210bcf25ff57bad62f814f4cd6d4e419a564fc1659ef2a479d5e7d3,true,real_only_false_positive_stress
EXT_REAL_0206,COCO_val2017,0,Real,data/external_v1/native/real/coco2017/EXT_REAL_0206_488710.jpg,8fbacc18f6c96ebabcdcccee0d26a171b4a5de298942178e9b2f101ceddadbb9,true,real_only_false_positive_stress
EXT_REAL_0207,COCO_val2017,0,Real,data/external_v1/native/real/coco2017/EXT_REAL_0207_275392.jpg,7c6fbaf7b9a23e9d373d81e0238402c9b2cf4f59ee6097f13181afd1eded6c6e,true,real_only_false_positive_stress
EXT_REAL_0208,COCO_val2017,0,Real,data/external_v1/native/real/coco2017/EXT_REAL_0208_419096.jpg,499867ca3427449d86f5df4a8be4ecaaab9f5f209af848a6f89499233e51e5bf,true,real_only_false_positive_stress
EXT_REAL_0209,COCO_val2017,0,Real,data/external_v1/native/real/coco2017/EXT_REAL_0209_163611.jpg,793dff8932d8307ad3aa50cf0f0d2250d275516937817dee8a777a6a25fcf4e9,true,real_only_false_positive_stress
EXT_REAL_0210,COCO_val2017,0,Real,data/external_v1/native/real/coco2017/EXT_REAL_0210_183391.jpg,f239b42753cfcbe508bfe3aaaec3397228311fbe398be1a2f59537696e446c28,true,real_only_false_positive_stress
EXT_REAL_0211,COCO_val2017,0,Real,data/external_v1/native/real/coco2017/EXT_REAL_0211_399560.jpg,c7eb738e1e7bd76a8fcfc5811e5a440a72812e2eec06949a5936216703c924fd,true,real_only_false_positive_stress
EXT_REAL_0212,COCO_val2017,0,Real,data/external_v1/native/real/coco2017/EXT_REAL_0212_89761.jpg,77578f52ee4644ec8ff4d8ffd712116b2ce0a498ae7ed5bd5430dec7b784cdc5,true,real_only_false_positive_stress
EXT_REAL_0213,COCO_val2017,0,Real,data/external_v1/native/real/coco2017/EXT_REAL_0213_194940.jpg,f8fd2daecf19f0313769c4c3f9440781ee11605e4c55bf164ea50936f68006ac,true,real_only_false_positive_stress
EXT_REAL_0214,COCO_val2017,0,Real,data/external_v1/native/real/coco2017/EXT_REAL_0214_131138.jpg,2598539292e89180ada7b17491bb6f7d3793dd792897e22ef8bbe21f3eec87cb,true,real_only_false_positive_stress
EXT_REAL_0215,COCO_val2017,0,Real,data/external_v1/native/real/coco2017/EXT_REAL_0215_561958.jpg,833cb6b570921fb310066aae725dc04158190c599be806eb1fe882de4fee8e88,true,real_only_false_positive_stress
EXT_REAL_0216,COCO_val2017,0,Real,data/external_v1/native/real/coco2017/EXT_REAL_0216_272148.jpg,69a144bd1025fa0f18ad50bf9c095627c0bcfc6e025c4301a690439fe85655a2,true,real_only_false_positive_stress
EXT_REAL_0217,COCO_val2017,0,Real,data/external_v1/native/real/coco2017/EXT_REAL_0217_562229.jpg,7b3125aca812637401c46dde5b098f0434728479f9523d0c91dd4a2350823038,true,real_only_false_positive_stress
EXT_REAL_0218,COCO_val2017,0,Real,data/external_v1/native/real/coco2017/EXT_REAL_0218_494869.jpg,0beffebf8bf7e3d5561249474de3e457cae990b1ffd56165a19380d4cfc0c00a,true,real_only_false_positive_stress
EXT_REAL_0219,COCO_val2017,0,Real,data/external_v1/native/real/coco2017/EXT_REAL_0219_275727.jpg,a9616d5a9604e21d6fe11e216ca2f61cd63a53cd2376f6d7a705a8893d50363a,true,real_only_false_positive_stress
EXT_REAL_0220,COCO_val2017,0,Real,data/external_v1/native/real/coco2017/EXT_REAL_0220_267903.jpg,2f4459f968105af1a662b78f8d2efc09afe023204556da38be748ac49acf0526,true,real_only_false_positive_stress
EXT_REAL_0221,COCO_val2017,0,Real,data/external_v1/native/real/coco2017/EXT_REAL_0221_98853.jpg,0f9c7249f262966be9907df025c9aeb016cd38cc61446c5955941ea9dd1551c1,true,real_only_false_positive_stress
EXT_REAL_0222,COCO_val2017,0,Real,data/external_v1/native/real/coco2017/EXT_REAL_0222_176901.jpg,10e7cf395cfd9dda3288d9610cbcf7a44cdd41083022d9630b45a4c586a6b464,true,real_only_false_positive_stress
EXT_REAL_0223,COCO_val2017,0,Real,data/external_v1/native/real/coco2017/EXT_REAL_0223_17714.jpg,ff331d262fea90025ec3b628757b047259f244b5a65550b1d0d079578179387a,true,real_only_false_positive_stress
EXT_REAL_0224,COCO_val2017,0,Real,data/external_v1/native/real/coco2017/EXT_REAL_0224_560279.jpg,e73a7a69b341914dca555c60d7dc546a862a2deb43613b2dbaef4b14e863d8f2,true,real_only_false_positive_stress
EXT_REAL_0225,COCO_val2017,0,Real,data/external_v1/native/real/coco2017/EXT_REAL_0225_342397.jpg,c13b1a038f6b2f0b77438c12c7bf4b4a32c1c1e75a80646356355665cd4e4607,true,real_only_false_positive_stress
EXT_REAL_0226,COCO_val2017,0,Real,data/external_v1/native/real/coco2017/EXT_REAL_0226_412286.jpg,2c482d365623b18f877b90eea879331d4d11f8c9f8b13f058aa8cb1ef31cb58d,true,real_only_false_positive_stress
EXT_REAL_0227,COCO_val2017,0,Real,data/external_v1/native/real/coco2017/EXT_REAL_0227_521540.jpg,b17ade7d27315d9cab1ebc34b14ddcc08ecfafaee2a3c0f95fde3eac645d64a6,true,real_only_false_positive_stress
EXT_REAL_0228,COCO_val2017,0,Real,data/external_v1/native/real/coco2017/EXT_REAL_0228_221281.jpg,d76ee385fe01bc44f233039103de747f32578129f451e486cf467e640fb7262b,true,real_only_false_positive_stress
EXT_REAL_0229,COCO_val2017,0,Real,data/external_v1/native/real/coco2017/EXT_REAL_0229_158945.jpg,d86467a75ad39f01f62aa5335f77430f3f769e40da2f76d2dee08544470ade53,true,real_only_false_positive_stress
EXT_REAL_0230,COCO_val2017,0,Real,data/external_v1/native/real/coco2017/EXT_REAL_0230_248112.jpg,23f5b9d50dff0cf6cf009bb89912a4546ef943a41f359174af404909b2dd4299,true,real_only_false_positive_stress
EXT_REAL_0231,COCO_val2017,0,Real,data/external_v1/native/real/coco2017/EXT_REAL_0231_302452.jpg,6ef852f8710f0326e0abff3ad509e5fe92e4948d14be3c178f135910946b180a,true,real_only_false_positive_stress
EXT_REAL_0232,COCO_val2017,0,Real,data/external_v1/native/real/coco2017/EXT_REAL_0232_415990.jpg,a1c4e789e6cf96f831335c55429e8bc870222b697617985cd5bec48e722b90dd,true,real_only_false_positive_stress
EXT_REAL_0233,COCO_val2017,0,Real,data/external_v1/native/real/coco2017/EXT_REAL_0233_401446.jpg,c8866a5e483efeb8e1eb5e945d598015e8c46f0dad05cbfbc7cce0249488171b,true,real_only_false_positive_stress
EXT_REAL_0234,COCO_val2017,0,Real,data/external_v1/native/real/coco2017/EXT_REAL_0234_443969.jpg,4d406247b349070eb79a47c16d299fc6285188c81241097169bb797cf921be2c,true,real_only_false_positive_stress
EXT_REAL_0235,COCO_val2017,0,Real,data/external_v1/native/real/coco2017/EXT_REAL_0235_473821.jpg,d7d522cf0ac9ed2615c1b572836aaa3d062f25f73b82acbbfb49f076521be5ba,true,real_only_false_positive_stress
EXT_REAL_0236,COCO_val2017,0,Real,data/external_v1/native/real/coco2017/EXT_REAL_0236_434548.jpg,8b47087d39f6126a830c560e0e2d7d7b942bf9558704b8abd2b33a26d2d9dae8,true,real_only_false_positive_stress
EXT_REAL_0237,COCO_val2017,0,Real,data/external_v1/native/real/coco2017/EXT_REAL_0237_188296.jpg,fcb23cbab168a4ce784173658a630910ed1110b418ef492dfaf2f61febfcb351,true,real_only_false_positive_stress
EXT_REAL_0238,COCO_val2017,0,Real,data/external_v1/native/real/coco2017/EXT_REAL_0238_78266.jpg,01297ee066ac26e787c2f112d73e24085b9b9b94100e4bb6b13b5758c77ab2e5,true,real_only_false_positive_stress
EXT_REAL_0239,COCO_val2017,0,Real,data/external_v1/native/real/coco2017/EXT_REAL_0239_281759.jpg,5b5861ca8955f8ff906abe78f2b32bc49deee2832f4518ffe4bb584653f3c9e9,true,real_only_false_positive_stress
EXT_REAL_0240,COCO_val2017,0,Real,data/external_v1/native/real/coco2017/EXT_REAL_0240_204871.jpg,f471e48c808ea689a1e3a4a1214bc03e81a95195146b0c42601dbd6eaa006c89,true,real_only_false_positive_stress
EXT_REAL_0241,COCO_val2017,0,Real,data/external_v1/native/real/coco2017/EXT_REAL_0241_231169.jpg,81c074b0a5f5966302986ecc7e2bea71dec9b564a6e5a0e99712dd82b1a314a4,true,real_only_false_positive_stress
EXT_REAL_0242,COCO_val2017,0,Real,data/external_v1/native/real/coco2017/EXT_REAL_0242_519569.jpg,eb819611fa1c5aa9b823a6b9d44308b37d41dc62b8a33fb2e6c7f5b0216a6e33,true,real_only_false_positive_stress
EXT_REAL_0243,COCO_val2017,0,Real,data/external_v1/native/real/coco2017/EXT_REAL_0243_559956.jpg,6ab5c1accd150f89bbadf27485c48c15a39088e3f6619a523cb0b6499e460d6d,true,real_only_false_positive_stress
EXT_REAL_0244,COCO_val2017,0,Real,data/external_v1/native/real/coco2017/EXT_REAL_0244_277197.jpg,b16875ab1105517e2911558218b3b64f8dbb7dbd1e01c450c805865335e36a84,true,real_only_false_positive_stress
EXT_REAL_0245,COCO_val2017,0,Real,data/external_v1/native/real/coco2017/EXT_REAL_0245_256941.jpg,45b0618f61275bf707765be2f048912dd7afbf5e0b968154fcfe0e518faa6310,true,real_only_false_positive_stress
EXT_REAL_0246,COCO_val2017,0,Real,data/external_v1/native/real/coco2017/EXT_REAL_0246_166768.jpg,40c8b4f9a15f7687b871d3f69964597530b678aaece1fbe4be4a9603d5f6f216,true,real_only_false_positive_stress
EXT_REAL_0247,COCO_val2017,0,Real,data/external_v1/native/real/coco2017/EXT_REAL_0247_153797.jpg,ed2f6913b3a169fc3f5cecd2c5c47266113e7435475ef8a2b3fdf71fc38b3f77,true,real_only_false_positive_stress
EXT_REAL_0248,COCO_val2017,0,Real,data/external_v1/native/real/coco2017/EXT_REAL_0248_151051.jpg,da7f044214ff627a29b11ca335b2a73bf8f7ba6f999a04f25c614679bcac544c,true,real_only_false_positive_stress
EXT_REAL_0249,COCO_val2017,0,Real,data/external_v1/native/real/coco2017/EXT_REAL_0249_346968.jpg,ae8123cc4ce23a0949e165be5e1577e11354f0ff20f9d0c0963cb8ab8e2b65db,true,real_only_false_positive_stress
EXT_REAL_0250,COCO_val2017,0,Real,data/external_v1/native/real/coco2017/EXT_REAL_0250_201148.jpg,7aa9c205a4031b3be912dda9b3a37a9c29e88f6a684f38c46b2c4fceeb86d0a9,true,real_only_false_positive_stress
EXT_REAL_0251,COCO_val2017,0,Real,data/external_v1/native/real/coco2017/EXT_REAL_0251_347163.jpg,327141f584232821dc46e28c0b85f30d206a449af1f9ca99d270910dcd7c73c3,true,real_only_false_positive_stress
EXT_REAL_0252,COCO_val2017,0,Real,data/external_v1/native/real/coco2017/EXT_REAL_0252_308799.jpg,fffd7265f668d66ca38fdcd46612c6c322803c297a6677d08d8857221ec5250f,true,real_only_false_positive_stress
EXT_REAL_0253,COCO_val2017,0,Real,data/external_v1/native/real/coco2017/EXT_REAL_0253_29675.jpg,59647741cd07304fd4ef6309bf4707c6abf96bc8e654ce632be41f590e5cf65d,true,real_only_false_positive_stress
EXT_REAL_0254,COCO_val2017,0,Real,data/external_v1/native/real/coco2017/EXT_REAL_0254_383443.jpg,d709cf143b54cc05aa07bec37026c9c2db9ef09e2e6ab4c3c55992528ca88127,true,real_only_false_positive_stress
EXT_REAL_0255,COCO_val2017,0,Real,data/external_v1/native/real/coco2017/EXT_REAL_0255_406997.jpg,73d1d5fff4154d5d221f8a7826d64a93c13556068d5826047749e7b1179d6678,true,real_only_false_positive_stress
EXT_REAL_0256,COCO_val2017,0,Real,data/external_v1/native/real/coco2017/EXT_REAL_0256_441468.jpg,32fe328e4e9e63511f429d3ac48e2495b6a678ee4cb823c60e1deee2d3bbeb61,true,real_only_false_positive_stress
EXT_REAL_0257,COCO_val2017,0,Real,data/external_v1/native/real/coco2017/EXT_REAL_0257_311392.jpg,25be4eaba8475d78959dd02ad425d2172fb6aeb0027673cd06c3366bb9ce56ce,true,real_only_false_positive_stress
EXT_REAL_0258,COCO_val2017,0,Real,data/external_v1/native/real/coco2017/EXT_REAL_0258_293474.jpg,16dc0c853ddc5911447c5569ec831d1fdd27c4a72cac5ea80c4f230b8d4b5105,true,real_only_false_positive_stress
EXT_REAL_0259,COCO_val2017,0,Real,data/external_v1/native/real/coco2017/EXT_REAL_0259_382122.jpg,b1398a7fa27d4a377f5055933e502c565b84cd76185c71094bb411c2e6d09e51,true,real_only_false_positive_stress
EXT_REAL_0260,COCO_val2017,0,Real,data/external_v1/native/real/coco2017/EXT_REAL_0260_274411.jpg,35d973039e8d5c69e56c5ae70484a41026c473796b5bbaddbff5ab969079bd2b,true,real_only_false_positive_stress
EXT_REAL_0261,COCO_val2017,0,Real,data/external_v1/native/real/coco2017/EXT_REAL_0261_105335.jpg,c304cfc54f2b3ee939e1e9cb5a710a42cd8647c1256348c3e24cfd218e8a77a9,true,real_only_false_positive_stress
EXT_REAL_0262,COCO_val2017,0,Real,data/external_v1/native/real/coco2017/EXT_REAL_0262_18575.jpg,fe6cdcb9053cb1621bda79d13e20cad49b898678fb2279f772964d65698c3c6a,true,real_only_false_positive_stress
EXT_REAL_0263,COCO_val2017,0,Real,data/external_v1/native/real/coco2017/EXT_REAL_0263_248284.jpg,9f3308ac7ee40f7e983b1f36adb8a65244063a1cebcd609407951d5457bd260a,true,real_only_false_positive_stress
EXT_REAL_0264,COCO_val2017,0,Real,data/external_v1/native/real/coco2017/EXT_REAL_0264_237316.jpg,38270c8a14c1e8aa554e1757e823400c29680e795f81f17db89573dc32eeeaa7,true,real_only_false_positive_stress
EXT_REAL_0265,COCO_val2017,0,Real,data/external_v1/native/real/coco2017/EXT_REAL_0265_33707.jpg,78d30a901a0cdf841fcb9342dc1262d61feaae89e4ef5ee1f0de9e275bfe3464,true,real_only_false_positive_stress
EXT_REAL_0266,COCO_val2017,0,Real,data/external_v1/native/real/coco2017/EXT_REAL_0266_163118.jpg,3567db9db76a5bba0b606d7225fb49e6d92089eb5cdb8cc30f39aa2a7314c1de,true,real_only_false_positive_stress
EXT_REAL_0267,COCO_val2017,0,Real,data/external_v1/native/real/coco2017/EXT_REAL_0267_178618.jpg,38c4410396ba7348d107bdd35d12042ee9ba8db5715ccbf0d4d3642e1e061cd7,true,real_only_false_positive_stress
EXT_REAL_0268,COCO_val2017,0,Real,data/external_v1/native/real/coco2017/EXT_REAL_0268_407614.jpg,dd3bddaa96d4d0beb4d8770a77dd76cbd9507f771e9d3c301ef84199ab8c083c,true,real_only_false_positive_stress
EXT_REAL_0269,COCO_val2017,0,Real,data/external_v1/native/real/coco2017/EXT_REAL_0269_33638.jpg,997707b5024a71c18d33a03a6f8627556f0b309c92f03962bf0da3f83f5f8f0e,true,real_only_false_positive_stress
EXT_REAL_0270,COCO_val2017,0,Real,data/external_v1/native/real/coco2017/EXT_REAL_0270_365745.jpg,e9140e80d2d1369203ca86f75f2e1e1d46cacef6481593d0e7a2e38ad1959049,true,real_only_false_positive_stress
EXT_REAL_0271,COCO_val2017,0,Real,data/external_v1/native/real/coco2017/EXT_REAL_0271_20553.jpg,739fee1c09f6d7c1670d2f558f70d2aea2ea6863a964c5a9582ca3bb70a55cb5,true,real_only_false_positive_stress
EXT_REAL_0272,COCO_val2017,0,Real,data/external_v1/native/real/coco2017/EXT_REAL_0272_443426.jpg,aaf5ea8a315e18e61c8c41b6b34f5a339f0c223d2af977ecebec418b472e3054,true,real_only_false_positive_stress
EXT_REAL_0273,COCO_val2017,0,Real,data/external_v1/native/real/coco2017/EXT_REAL_0273_340175.jpg,2abd91fd8c44621597d54a3d8ef40fe9a9d004dd62cac55078915bea091afdc1,true,real_only_false_positive_stress
EXT_REAL_0274,COCO_val2017,0,Real,data/external_v1/native/real/coco2017/EXT_REAL_0274_154000.jpg,4224e841b58048d5568088cd5e7a67b6882a4f8fd3dda928ac7ea97a864bfe76,true,real_only_false_positive_stress
EXT_REAL_0275,COCO_val2017,0,Real,data/external_v1/native/real/coco2017/EXT_REAL_0275_378099.jpg,27363f69ed48f3bd74566fa65ce7e2a5c753cc385dea5ec93dde2ebb6adb6b8a,true,real_only_false_positive_stress
EXT_REAL_0276,COCO_val2017,0,Real,data/external_v1/native/real/coco2017/EXT_REAL_0276_170278.jpg,5de7f5b7b981875fd86c5497811da825118e52c58dfed8a2658e80131c99e5f1,true,real_only_false_positive_stress
EXT_REAL_0277,COCO_val2017,0,Real,data/external_v1/native/real/coco2017/EXT_REAL_0277_562443.jpg,f6e3a840cb4e046cc3933e2bf3eb275eada13c4adcc9f2e2b56b1d00f40bb6e4,true,real_only_false_positive_stress
EXT_REAL_0278,COCO_val2017,0,Real,data/external_v1/native/real/coco2017/EXT_REAL_0278_250137.jpg,00b60aa56c8552f04a59da5ec1a6ba555991fa22cd8ff932f31d72a159595e8b,true,real_only_false_positive_stress
EXT_REAL_0279,COCO_val2017,0,Real,data/external_v1/native/real/coco2017/EXT_REAL_0279_89556.jpg,b78eb0eb1250b86210658687ff5063428e0cbff2858d4e07d8dee107ae1964f8,true,real_only_false_positive_stress
EXT_REAL_0280,COCO_val2017,0,Real,data/external_v1/native/real/coco2017/EXT_REAL_0280_430871.jpg,518e4b033ed91a9785b673ee8dae9419a5723b8260e8f0e4aa17b7848ca5b7d9,true,real_only_false_positive_stress
EXT_REAL_0281,COCO_val2017,0,Real,data/external_v1/native/real/coco2017/EXT_REAL_0281_92939.jpg,c3803447f505acb9bb85664d24194d838b5edd59ca910bcad40794ff87164724,true,real_only_false_positive_stress
EXT_REAL_0282,COCO_val2017,0,Real,data/external_v1/native/real/coco2017/EXT_REAL_0282_437351.jpg,0ab9e4c945f59f9b5da0d64fc45e200a64089b89345b563b83f2433e16cd7853,true,real_only_false_positive_stress
EXT_REAL_0283,COCO_val2017,0,Real,data/external_v1/native/real/coco2017/EXT_REAL_0283_450686.jpg,bd0e2e7da80e4187d4c34cee847b0c528f9942f8fd7e21860b64f1f6c20d386e,true,real_only_false_positive_stress
EXT_REAL_0284,COCO_val2017,0,Real,data/external_v1/native/real/coco2017/EXT_REAL_0284_102356.jpg,49f85db235ec68ebfbf7266a44dea9bb9ad36670800f6d439a2fa70c6da5d94f,true,real_only_false_positive_stress
EXT_REAL_0285,COCO_val2017,0,Real,data/external_v1/native/real/coco2017/EXT_REAL_0285_239318.jpg,7e7f3b9de9cc514e6e21891f3eb9c1b70f2d54a5dea2d480d6443f660bc4a28a,true,real_only_false_positive_stress
EXT_REAL_0286,COCO_val2017,0,Real,data/external_v1/native/real/coco2017/EXT_REAL_0286_262440.jpg,538c92ac8477d23ca6ada37abbe0bed84afdd5a3bd7af40b13d88a709309625e,true,real_only_false_positive_stress
EXT_REAL_0287,COCO_val2017,0,Real,data/external_v1/native/real/coco2017/EXT_REAL_0287_276024.jpg,b07d707d132181c971b53e0c097a0bd985f020547bbb9dff0f5bfbbea1809f5d,true,real_only_false_positive_stress
EXT_REAL_0288,COCO_val2017,0,Real,data/external_v1/native/real/coco2017/EXT_REAL_0288_51738.jpg,d44181d442f78b7c16f4fb7abc4b23e2dc64dcafc7a56f643e944ddc8ec2d4f0,true,real_only_false_positive_stress
EXT_REAL_0289,COCO_val2017,0,Real,data/external_v1/native/real/coco2017/EXT_REAL_0289_561256.jpg,ac929454c7cc2758f24d5af3e5820a4d700a97905b5afa4436c7d2cf5d163726,true,real_only_false_positive_stress
EXT_REAL_0290,COCO_val2017,0,Real,data/external_v1/native/real/coco2017/EXT_REAL_0290_306582.jpg,41d9a42ac94af761807a7d097b08c9445f995d8e561c7a821701c9d4523cb8e2,true,real_only_false_positive_stress
EXT_REAL_0291,COCO_val2017,0,Real,data/external_v1/native/real/coco2017/EXT_REAL_0291_39477.jpg,66afd33bb79d40a43a8486acafb399b524a6c49b17f694aa1daa8f697aec70a1,true,real_only_false_positive_stress
EXT_REAL_0292,COCO_val2017,0,Real,data/external_v1/native/real/coco2017/EXT_REAL_0292_304817.jpg,c8f4493243e1870c4fd0c0abdb2b739838965da66594e984f276505ae6bc9990,true,real_only_false_positive_stress
EXT_REAL_0293,COCO_val2017,0,Real,data/external_v1/native/real/coco2017/EXT_REAL_0293_248980.jpg,f0021606b0a2bdee66f892c4c5c72746c8dffc5855bf04f2ce18061d8f001b87,true,real_only_false_positive_stress
EXT_REAL_0294,COCO_val2017,0,Real,data/external_v1/native/real/coco2017/EXT_REAL_0294_52891.jpg,e55b86a1cda874117ba1bd855e38dbc9b5427b840c362d72330019676ec47a44,true,real_only_false_positive_stress
EXT_REAL_0295,COCO_val2017,0,Real,data/external_v1/native/real/coco2017/EXT_REAL_0295_305695.jpg,71e3bcf1f503dbfce4526592bb69c2342d1c020d2532044a71a89fa58f78d471,true,real_only_false_positive_stress
EXT_REAL_0296,COCO_val2017,0,Real,data/external_v1/native/real/coco2017/EXT_REAL_0296_234526.jpg,896ef52a4e1763e74a0880291c59014314074b858e22893b383576157ba2cffb,true,real_only_false_positive_stress
EXT_REAL_0297,COCO_val2017,0,Real,data/external_v1/native/real/coco2017/EXT_REAL_0297_57150.jpg,ae7e6f712229d1ab128aab94e4b358c2dd58b63af4e45438bf9aa0d089eb963f,true,real_only_false_positive_stress
EXT_REAL_0298,COCO_val2017,0,Real,data/external_v1/native/real/coco2017/EXT_REAL_0298_91654.jpg,da28681c7ffbb7b414f60c4f9116a2aa70c6ae23d1b66e9b96319c7b7cbd8d21,true,real_only_false_positive_stress
EXT_REAL_0299,COCO_val2017,0,Real,data/external_v1/native/real/coco2017/EXT_REAL_0299_533816.jpg,b8d9c78cd2f203cd1692d3631dbc656b5db9cf506082b9f52f7d3e8a80f44478,true,real_only_false_positive_stress
EXT_REAL_0300,COCO_val2017,0,Real,data/external_v1/native/real/coco2017/EXT_REAL_0300_475365.jpg,1a19d309a22af6cc073784555be6370f6b77637a5a368c27bbdb60e25576e474,true,real_only_false_positive_stress
EXT_REAL_0301,COCO_val2017,0,Real,data/external_v1/native/real/coco2017/EXT_REAL_0301_313034.jpg,f28a3fbb83c019dd88dd28c683c36d1cc960e3678dc802eb2d24437fa5640477,true,real_only_false_positive_stress
EXT_REAL_0302,COCO_val2017,0,Real,data/external_v1/native/real/coco2017/EXT_REAL_0302_45550.jpg,830f564b71f327b0bcc78afcc4b8df86b41a13fa9bee13e2b0dc20bf9d827e9f,true,real_only_false_positive_stress
EXT_REAL_0303,COCO_val2017,0,Real,data/external_v1/native/real/coco2017/EXT_REAL_0303_543047.jpg,a8f4fd22f04d5162fe6a9161ccee5d0f5a367bd9924f782d1aedb8b923eae033,true,real_only_false_positive_stress
EXT_REAL_0304,COCO_val2017,0,Real,data/external_v1/native/real/coco2017/EXT_REAL_0304_362716.jpg,a535d5a73d971b18b9729279feea26659f6781cccdacf20e08d5dab8cde7a12d,true,real_only_false_positive_stress
EXT_REAL_0305,COCO_val2017,0,Real,data/external_v1/native/real/coco2017/EXT_REAL_0305_308631.jpg,65be0c7d51b9ff262cfcac4592f5a3643cbda23a5fd571eee701c2dafd43e2d4,true,real_only_false_positive_stress
EXT_REAL_0306,COCO_val2017,0,Real,data/external_v1/native/real/coco2017/EXT_REAL_0306_416758.jpg,0fa3e0f185fb8df42a505e670017afcacf6695c19772a65800294cfe54b2f531,true,real_only_false_positive_stress
EXT_REAL_0307,COCO_val2017,0,Real,data/external_v1/native/real/coco2017/EXT_REAL_0307_245311.jpg,bc7545ae9dbc9ba854c4d4370ff9654de28b07c549bbfa411b50e1a3a3be5d58,true,real_only_false_positive_stress
EXT_REAL_0308,COCO_val2017,0,Real,data/external_v1/native/real/coco2017/EXT_REAL_0308_9448.jpg,bd6ac1c94ef4599bd7f9d0f43ba0dab52b0afc34a872ee3acc83a20c8e8a6f3f,true,real_only_false_positive_stress
EXT_REAL_0309,COCO_val2017,0,Real,data/external_v1/native/real/coco2017/EXT_REAL_0309_345385.jpg,e4d18bda0d6e3e7c0c174fd540876b039d886a266b3b61bef8aa0cb7d01e8798,true,real_only_false_positive_stress
EXT_REAL_0310,COCO_val2017,0,Real,data/external_v1/native/real/coco2017/EXT_REAL_0310_431140.jpg,8d4e1693223bb312e0404e9f28caf74cdf08e4a993540eb25348d7f999c1def3,true,real_only_false_positive_stress
EXT_REAL_0311,COCO_val2017,0,Real,data/external_v1/native/real/coco2017/EXT_REAL_0311_134322.jpg,33141512239a36606c04cb1ce97b30787ba3bf050f45a213e7787c4581a3ad6f,true,real_only_false_positive_stress
EXT_REAL_0312,COCO_val2017,0,Real,data/external_v1/native/real/coco2017/EXT_REAL_0312_172946.jpg,1e756b137d72a1ea4e07b4689a55905202f5c01270d48009877329b0afc5e81a,true,real_only_false_positive_stress
EXT_REAL_0313,COCO_val2017,0,Real,data/external_v1/native/real/coco2017/EXT_REAL_0313_177065.jpg,443418dd6b1bc5a650c53d427c93538dd0f48f3c9cd9083c54ce3af0138821e0,true,real_only_false_positive_stress
EXT_REAL_0314,COCO_val2017,0,Real,data/external_v1/native/real/coco2017/EXT_REAL_0314_435205.jpg,b05b377eefd4bd924404883e17e2cdc0b784b0aef3a22ec107ca6edead0b7595,true,real_only_false_positive_stress
EXT_REAL_0315,COCO_val2017,0,Real,data/external_v1/native/real/coco2017/EXT_REAL_0315_69138.jpg,860ad189dc5efdd1e039e3aa9c32c1bb529194c5b0b22f376ad2015a59325242,true,real_only_false_positive_stress
EXT_REAL_0316,COCO_val2017,0,Real,data/external_v1/native/real/coco2017/EXT_REAL_0316_16598.jpg,a794c8d8258774f04fcf04921d0daf10d60a35d038117279ff0880a2accd49b3,true,real_only_false_positive_stress
EXT_REAL_0317,COCO_val2017,0,Real,data/external_v1/native/real/coco2017/EXT_REAL_0317_107851.jpg,8590e024e6f4b2c84c04596877dadc7bb996f8b46a1d14252f4ff156ab6f6541,true,real_only_false_positive_stress
EXT_REAL_0318,COCO_val2017,0,Real,data/external_v1/native/real/coco2017/EXT_REAL_0318_362520.jpg,e7d7b2042253c96bbb74418afee60182f133ee7f3ccbc1b41159b0c42183602f,true,real_only_false_positive_stress
EXT_REAL_0319,COCO_val2017,0,Real,data/external_v1/native/real/coco2017/EXT_REAL_0319_81738.jpg,274ba4cc7159539e41b10035acb6a1df199c454d3ba42af62bf0a0d7516895fe,true,real_only_false_positive_stress
EXT_REAL_0320,COCO_val2017,0,Real,data/external_v1/native/real/coco2017/EXT_REAL_0320_458325.jpg,cc9d8a2d6fdd06220bb2e63d0e41b13cddd7a83758c74b2aa0161e56c8aa18a9,true,real_only_false_positive_stress
EXT_REAL_0321,COCO_val2017,0,Real,data/external_v1/native/real/coco2017/EXT_REAL_0321_31817.jpg,7b2e9e578996e44b1e9ab8d7658a3de6970de0d8738abb560866fd998bf399b4,true,real_only_false_positive_stress
EXT_REAL_0322,COCO_val2017,0,Real,data/external_v1/native/real/coco2017/EXT_REAL_0322_561009.jpg,3022d69235206da97e4b36ed46475845ee65065c2029e277ced764d16330bf4c,true,real_only_false_positive_stress
EXT_REAL_0323,COCO_val2017,0,Real,data/external_v1/native/real/coco2017/EXT_REAL_0323_432468.jpg,784ba926f3dd7a7cc5b93e0ba2526692eb9f7384d3613d23b61c3423bad43061,true,real_only_false_positive_stress
EXT_REAL_0324,COCO_val2017,0,Real,data/external_v1/native/real/coco2017/EXT_REAL_0324_233238.jpg,9dad732209b83cc953be6f35a092b0692569f0f6682565178b6581dd6bb7ca81,true,real_only_false_positive_stress
EXT_REAL_0325,COCO_val2017,0,Real,data/external_v1/native/real/coco2017/EXT_REAL_0325_82688.jpg,d0bee59612fce70e02dd30fd24b87ee336a2f4d37e56bd7c66e1f928bd71453c,true,real_only_false_positive_stress
EXT_REAL_0326,COCO_val2017,0,Real,data/external_v1/native/real/coco2017/EXT_REAL_0326_149568.jpg,655fb1dd7db397c663b8d64448b6f5cea7f4c84f36375a7961c6933c841caf97,true,real_only_false_positive_stress
EXT_REAL_0327,COCO_val2017,0,Real,data/external_v1/native/real/coco2017/EXT_REAL_0327_505573.jpg,aa297692ed80c2539d23e37b959ddb153b07a85505968a679de758b136f9b821,true,real_only_false_positive_stress
EXT_REAL_0328,COCO_val2017,0,Real,data/external_v1/native/real/coco2017/EXT_REAL_0328_95707.jpg,77f08286dd68f54e2c23b584c0c758e207ee977bb3f713cde4b05a2230aab026,true,real_only_false_positive_stress
EXT_REAL_0329,COCO_val2017,0,Real,data/external_v1/native/real/coco2017/EXT_REAL_0329_561223.jpg,33f2c01189bd11d5f1a2c07f22fea3e69b581ca70c4859cfa1c65656eb207ec6,true,real_only_false_positive_stress
EXT_REAL_0330,COCO_val2017,0,Real,data/external_v1/native/real/coco2017/EXT_REAL_0330_364166.jpg,d78efc2c1c781debb031b65fc186a6a5c36dcbe43bfc230ae6dd3ef6476a1ede,true,real_only_false_positive_stress
EXT_REAL_0331,COCO_val2017,0,Real,data/external_v1/native/real/coco2017/EXT_REAL_0331_179174.jpg,db596b78008223a6d9d85f972d4ebd2afd74537eff9de803e93c4cf63de8de07,true,real_only_false_positive_stress
EXT_REAL_0332,COCO_val2017,0,Real,data/external_v1/native/real/coco2017/EXT_REAL_0332_497599.jpg,4bde154898740c69f124650678a4476fdcd29a6095cdb8d467c614c49d40407c,true,real_only_false_positive_stress
EXT_REAL_0333,COCO_val2017,0,Real,data/external_v1/native/real/coco2017/EXT_REAL_0333_186449.jpg,a804534058df3729a9bedffa2fa16d4dcd0133a2556b45c8e98e225ee9626c33,true,real_only_false_positive_stress
EXT_REAL_0334,COCO_val2017,0,Real,data/external_v1/native/real/coco2017/EXT_REAL_0334_20992.jpg,c705bfad8bb9333fd641c31a14514ed56f04f32082707a132ada26b365142378,true,real_only_false_positive_stress
EXT_REAL_0335,COCO_val2017,0,Real,data/external_v1/native/real/coco2017/EXT_REAL_0335_213547.jpg,61b9b72eba0c02967cfab34df829cdd10e41c2c00e5a43be8db39d97bf43747b,true,real_only_false_positive_stress
EXT_REAL_0336,COCO_val2017,0,Real,data/external_v1/native/real/coco2017/EXT_REAL_0336_349152.jpg,4d1ce98e4032d847a6d7fe07cdc4add0a2b4ff9563a4695083559d7e7bf7fe1d,true,real_only_false_positive_stress
EXT_REAL_0337,COCO_val2017,0,Real,data/external_v1/native/real/coco2017/EXT_REAL_0337_121417.jpg,eb484991351ad43a527aa9fea24f56216deacfe5cf8df2a49dc35bcd46e9490f,true,real_only_false_positive_stress
EXT_REAL_0338,COCO_val2017,0,Real,data/external_v1/native/real/coco2017/EXT_REAL_0338_183965.jpg,f2f31c324710401014e4f5591948706dd9f10cf97b6079d7a2c335533c105c99,true,real_only_false_positive_stress
EXT_REAL_0339,COCO_val2017,0,Real,data/external_v1/native/real/coco2017/EXT_REAL_0339_512403.jpg,f0fc3a1b9aa5e80903dd63ad4aca8bb72c62b9939b211a8fa0abc96482589b40,true,real_only_false_positive_stress
EXT_REAL_0340,COCO_val2017,0,Real,data/external_v1/native/real/coco2017/EXT_REAL_0340_46378.jpg,927a104a4eb1ba7960946cf89ed6cc199bd7c840674787b8e77b74a7dd60aafe,true,real_only_false_positive_stress
EXT_REAL_0341,COCO_val2017,0,Real,data/external_v1/native/real/coco2017/EXT_REAL_0341_460683.jpg,44126e3bc1ec94274f7814c07e80d64368bfc7ebbabe8105e152a04e23de74be,true,real_only_false_positive_stress
EXT_REAL_0342,COCO_val2017,0,Real,data/external_v1/native/real/coco2017/EXT_REAL_0342_323355.jpg,3f3cf2287d73bc198fb7c1503cf2ccac77b33d772ff89318b8b83546add5924b,true,real_only_false_positive_stress
EXT_REAL_0343,COCO_val2017,0,Real,data/external_v1/native/real/coco2017/EXT_REAL_0343_52412.jpg,e4e5f67f6ccf0dae68dd5a0ccaa3dee71169a2ec2904ca46209998e8476f4fab,true,real_only_false_positive_stress
EXT_REAL_0344,COCO_val2017,0,Real,data/external_v1/native/real/coco2017/EXT_REAL_0344_409358.jpg,e20ee8a186a94b03a7ea3f55d4b097ec2fe7a21db29df61073c31f0e38fbb958,true,real_only_false_positive_stress
EXT_REAL_0345,COCO_val2017,0,Real,data/external_v1/native/real/coco2017/EXT_REAL_0345_350002.jpg,da0150f99c3e14a4ab56679028ef2cd6a0d467d998ca223ca2a586d92593154c,true,real_only_false_positive_stress
EXT_REAL_0346,COCO_val2017,0,Real,data/external_v1/native/real/coco2017/EXT_REAL_0346_513580.jpg,11759a17fd060f1675ed4924e06ca75c8d536ab2b4167238cfcb5d1911d1f47b,true,real_only_false_positive_stress
EXT_REAL_0347,COCO_val2017,0,Real,data/external_v1/native/real/coco2017/EXT_REAL_0347_109916.jpg,b8409b5137f8653727eed92c375318c1c947cc2bb0cf75cc972d2293aacd9323,true,real_only_false_positive_stress
EXT_REAL_0348,COCO_val2017,0,Real,data/external_v1/native/real/coco2017/EXT_REAL_0348_399462.jpg,1f6880864c82aa166366f3687cf86d918871c110dc3c931acd3fc1d5adcacf49,true,real_only_false_positive_stress
EXT_REAL_0349,COCO_val2017,0,Real,data/external_v1/native/real/coco2017/EXT_REAL_0349_350122.jpg,b085635c2fe5c3ed28ace5f74ccd209027cf13ef40d623070860274757518c34,true,real_only_false_positive_stress
EXT_REAL_0350,COCO_val2017,0,Real,data/external_v1/native/real/coco2017/EXT_REAL_0350_130826.jpg,627083ddc24d3a1d3930381e78c17af17c324d70330fc85b2773af64609182bb,true,real_only_false_positive_stress
EXT_REAL_0351,COCO_val2017,0,Real,data/external_v1/native/real/coco2017/EXT_REAL_0351_454750.jpg,4ff77d11fd298283e3a8ec9b386291f81054376878e104545d881ec86f2dd092,true,real_only_false_positive_stress
EXT_REAL_0352,COCO_val2017,0,Real,data/external_v1/native/real/coco2017/EXT_REAL_0352_384513.jpg,74a72414872619d3db20efc956bf8f70b7a5acf58c73dfb949e9a0707d785c88,true,real_only_false_positive_stress
EXT_REAL_0353,COCO_val2017,0,Real,data/external_v1/native/real/coco2017/EXT_REAL_0353_180560.jpg,b485d64a3c769704ecabd162d63788b07069c3fe3b2bd4658857658d58bc2fc7,true,real_only_false_positive_stress
EXT_REAL_0354,COCO_val2017,0,Real,data/external_v1/native/real/coco2017/EXT_REAL_0354_426329.jpg,067f4a27e925289cb96687ec9bc9e5a31d5215a724deaa908a1382f2edb2e689,true,real_only_false_positive_stress
EXT_REAL_0355,COCO_val2017,0,Real,data/external_v1/native/real/coco2017/EXT_REAL_0355_403122.jpg,efc5e80646888f853c307fe563234e1975ed4850c796a9c4ca5834efcbaceba1,true,real_only_false_positive_stress
EXT_REAL_0356,COCO_val2017,0,Real,data/external_v1/native/real/coco2017/EXT_REAL_0356_520301.jpg,e04e39ceb5c3266e7492b0f3b0762ebf8dd5e762f479525bfaea412a64b49152,true,real_only_false_positive_stress
EXT_REAL_0357,COCO_val2017,0,Real,data/external_v1/native/real/coco2017/EXT_REAL_0357_383921.jpg,47d0789cad227b92ec4921f9f77f4d896c0bc013c1c3602e40c40dba2a7b91c2,true,real_only_false_positive_stress
EXT_REAL_0358,COCO_val2017,0,Real,data/external_v1/native/real/coco2017/EXT_REAL_0358_479155.jpg,452fc2585da986c0819c2ba2a60f8c5c0d216b6074d1eb85f538eccc4bd58989,true,real_only_false_positive_stress
EXT_REAL_0359,COCO_val2017,0,Real,data/external_v1/native/real/coco2017/EXT_REAL_0359_478474.jpg,c42290624ebf62118f2ca3ccee1ccaf905c3ba2468db26961f23b9a370d9f552,true,real_only_false_positive_stress
EXT_REAL_0360,COCO_val2017,0,Real,data/external_v1/native/real/coco2017/EXT_REAL_0360_304560.jpg,356d9b7dc12cfee8e87854af707095f0f0953ce8508f9029708dc5acd2409edb,true,real_only_false_positive_stress
EXT_REAL_0361,COCO_val2017,0,Real,data/external_v1/native/real/coco2017/EXT_REAL_0361_223188.jpg,f922a1cca984ebe2f129aa3caf6067963a235de830cc5f49e4d1e23c2d77e76f,true,real_only_false_positive_stress
EXT_REAL_0362,COCO_val2017,0,Real,data/external_v1/native/real/coco2017/EXT_REAL_0362_235064.jpg,af0bcd4c11e1f91820048849fc579042426ded252412f92893eb04c2eb28b2bc,true,real_only_false_positive_stress
EXT_REAL_0363,COCO_val2017,0,Real,data/external_v1/native/real/coco2017/EXT_REAL_0363_553731.jpg,d10c35af887d5b8977ab8a49996c033f50478a0e8a603cff27b463b78c4eb826,true,real_only_false_positive_stress
EXT_REAL_0364,COCO_val2017,0,Real,data/external_v1/native/real/coco2017/EXT_REAL_0364_560266.jpg,6db74520ef5774017fd94ec8e0d6adab0216db2ef17aca38defa2e86de498ccc,true,real_only_false_positive_stress
EXT_REAL_0365,COCO_val2017,0,Real,data/external_v1/native/real/coco2017/EXT_REAL_0365_522713.jpg,304490ba22702c333f824e02cb908909805ee3d15aed7c9014b80d66961d57f2,true,real_only_false_positive_stress
EXT_REAL_0366,COCO_val2017,0,Real,data/external_v1/native/real/coco2017/EXT_REAL_0366_278973.jpg,9740805eff2b13ba607f2128994bf7028f667231bb57f25a4e5418bec0744fad,true,real_only_false_positive_stress
EXT_REAL_0367,COCO_val2017,0,Real,data/external_v1/native/real/coco2017/EXT_REAL_0367_364587.jpg,dec2f4cfd0198878f08c8ebb14c3c972e6ebb322d68440e16e49cb8ad7062861,true,real_only_false_positive_stress
EXT_REAL_0368,COCO_val2017,0,Real,data/external_v1/native/real/coco2017/EXT_REAL_0368_509008.jpg,07ca04c0f38fc0f30701b7ea65703b7424a1b357444bf57a0b8964f80b5e975b,true,real_only_false_positive_stress
EXT_REAL_0369,COCO_val2017,0,Real,data/external_v1/native/real/coco2017/EXT_REAL_0369_86220.jpg,262a4726993a8b2b344b2080a462cf3c495274e51c11c68b8df1ef6de9d50d46,true,real_only_false_positive_stress
EXT_REAL_0370,COCO_val2017,0,Real,data/external_v1/native/real/coco2017/EXT_REAL_0370_125472.jpg,af5f4cc859bb6dfcdb3e8162b671a84ba47cc034a4cec4604cfc94f68f6335a2,true,real_only_false_positive_stress
EXT_REAL_0371,COCO_val2017,0,Real,data/external_v1/native/real/coco2017/EXT_REAL_0371_327601.jpg,758f92fcfe44c865eae2d8905cfff482a838255c037a3e2bb3b7c6cc5d53d64a,true,real_only_false_positive_stress
EXT_REAL_0372,COCO_val2017,0,Real,data/external_v1/native/real/coco2017/EXT_REAL_0372_49759.jpg,b2e2e3a373ca6925746ce645689b6d38a730ce3f6f29b6d2fd67d18b2ba0600a,true,real_only_false_positive_stress
EXT_REAL_0373,COCO_val2017,0,Real,data/external_v1/native/real/coco2017/EXT_REAL_0373_10764.jpg,83bf9d868bb6de24ac1ef63df6cd7116e11da51d84daabd91b9b24fcc74d63c1,true,real_only_false_positive_stress
EXT_REAL_0374,COCO_val2017,0,Real,data/external_v1/native/real/coco2017/EXT_REAL_0374_522751.jpg,f175cb103b7bfc4f087f56776bbe1a12386f07815cef262d7f7d02205ac3cac7,true,real_only_false_positive_stress
EXT_REAL_0375,COCO_val2017,0,Real,data/external_v1/native/real/coco2017/EXT_REAL_0375_370478.jpg,f5ed1c21f176378a77e5e3dcd071908850d193cc200232790071fea5a1234aaf,true,real_only_false_positive_stress
EXT_REAL_0376,COCO_val2017,0,Real,data/external_v1/native/real/coco2017/EXT_REAL_0376_68387.jpg,250eb079111a4ecd95a294274ba217e2501dd6dd630cec570be9a11ba7be2918,true,real_only_false_positive_stress
EXT_REAL_0377,COCO_val2017,0,Real,data/external_v1/native/real/coco2017/EXT_REAL_0377_504074.jpg,20b41a4613f4764272f97bd4522ffeefd52cd0e9a7cb604578e2644a7dce4c83,true,real_only_false_positive_stress
EXT_REAL_0378,COCO_val2017,0,Real,data/external_v1/native/real/coco2017/EXT_REAL_0378_267946.jpg,5a03177ecf13ef0c7e7205f74f527b297b0e33d7cb915a0be3d897c7b7f50d59,true,real_only_false_positive_stress
EXT_REAL_0379,COCO_val2017,0,Real,data/external_v1/native/real/coco2017/EXT_REAL_0379_565877.jpg,41aec1d4be65badd8942877c66456dcaf834bb6d6b54b4668ad7f5652039d666,true,real_only_false_positive_stress
EXT_REAL_0380,COCO_val2017,0,Real,data/external_v1/native/real/coco2017/EXT_REAL_0380_171757.jpg,2b1f3289118def85d351803e8afce0429c2deaa6e5bc290e3ca8eb50cacd3edd,true,real_only_false_positive_stress
EXT_REAL_0381,COCO_val2017,0,Real,data/external_v1/native/real/coco2017/EXT_REAL_0381_337055.jpg,a6182f269c232a632a3ddba5ac6e0f730bd4f61c8ab31fc236b988c422768237,true,real_only_false_positive_stress
EXT_REAL_0382,COCO_val2017,0,Real,data/external_v1/native/real/coco2017/EXT_REAL_0382_548555.jpg,e61e37fc4855b10f036c2793bda2744fe26bee1d1063d307dab7360208602089,true,real_only_false_positive_stress
EXT_REAL_0383,COCO_val2017,0,Real,data/external_v1/native/real/coco2017/EXT_REAL_0383_236845.jpg,fac9633f1a2667d635c668fe7481db95032a4838df255844cfec143c11ddb3a8,true,real_only_false_positive_stress
EXT_REAL_0384,COCO_val2017,0,Real,data/external_v1/native/real/coco2017/EXT_REAL_0384_233567.jpg,0f2deb33a988bbf55dd0c42d66e9b085356b0fe5609bbb7597b382c065c9e39e,true,real_only_false_positive_stress
EXT_REAL_0385,COCO_val2017,0,Real,data/external_v1/native/real/coco2017/EXT_REAL_0385_448410.jpg,cc7a140bceb69d683da5efcfd417631f91bd4351f5a03920154b44037ea65b51,true,real_only_false_positive_stress
EXT_REAL_0386,COCO_val2017,0,Real,data/external_v1/native/real/coco2017/EXT_REAL_0386_44590.jpg,5ef55da25c21159d1aeaf61eee0c81b2127dc626eac012c68d2e9a81d2bd7789,true,real_only_false_positive_stress
EXT_REAL_0387,COCO_val2017,0,Real,data/external_v1/native/real/coco2017/EXT_REAL_0387_106757.jpg,3638552bcd5b55fbbd710dbef5cbc4cb142b375397d006104fc87350683d7ad7,true,real_only_false_positive_stress
EXT_REAL_0388,COCO_val2017,0,Real,data/external_v1/native/real/coco2017/EXT_REAL_0388_256407.jpg,e9b63060910cbd8ff9d9f420204ec691d7e46d2034ea24857f6e4dbf1966f535,true,real_only_false_positive_stress
EXT_REAL_0389,COCO_val2017,0,Real,data/external_v1/native/real/coco2017/EXT_REAL_0389_453341.jpg,703bb682af684144d492dcd45f65cea99fe5e65312f93b03d54ee90a3be24553,true,real_only_false_positive_stress
EXT_REAL_0390,COCO_val2017,0,Real,data/external_v1/native/real/coco2017/EXT_REAL_0390_197528.jpg,068ee6be7441d2a84dbd61eceedd8baff651c4058704b504072f18c755203bdc,true,real_only_false_positive_stress
EXT_REAL_0391,COCO_val2017,0,Real,data/external_v1/native/real/coco2017/EXT_REAL_0391_458755.jpg,a46fe4379f6edc9e2d8652b0f929fe92851ff2b1c470c5fa355135323fa60774,true,real_only_false_positive_stress
EXT_REAL_0392,COCO_val2017,0,Real,data/external_v1/native/real/coco2017/EXT_REAL_0392_270066.jpg,06bf06ad9327ff432817889a50054fdb9df3d3dbd2631d2fb77c2883249fc701,true,real_only_false_positive_stress
EXT_REAL_0393,COCO_val2017,0,Real,data/external_v1/native/real/coco2017/EXT_REAL_0393_293390.jpg,c86d4f74ba0b56409fe4532020b54d68fc0958d2a73ebbb0b811e2e9e58d31f7,true,real_only_false_positive_stress
EXT_REAL_0394,COCO_val2017,0,Real,data/external_v1/native/real/coco2017/EXT_REAL_0394_57597.jpg,003280b50c99124750084f25939f305f3fefbd9e3caf5002a456249242b154c0,true,real_only_false_positive_stress
EXT_REAL_0395,COCO_val2017,0,Real,data/external_v1/native/real/coco2017/EXT_REAL_0395_506454.jpg,0ce984bbb75788a7bb8dc3a962a66ca4ce44c9f66c4980c1fa304e6bc2eca17c,true,real_only_false_positive_stress
EXT_REAL_0396,COCO_val2017,0,Real,data/external_v1/native/real/coco2017/EXT_REAL_0396_64574.jpg,77b300df5857acb1211c25f346b7ee3ed01541052e797a6af7e7a57a3f9f488d,true,real_only_false_positive_stress
EXT_REAL_0397,COCO_val2017,0,Real,data/external_v1/native/real/coco2017/EXT_REAL_0397_70048.jpg,5232a912f3438d7d915b7509b4602d1c768f76b72a43589d2624810e42b41988,true,real_only_false_positive_stress
EXT_REAL_0398,COCO_val2017,0,Real,data/external_v1/native/real/coco2017/EXT_REAL_0398_418696.jpg,2c9aa38b9e80707f5a11140141b85cdb9ad9fbf779cd0afe2b2785c6c2942faf,true,real_only_false_positive_stress
EXT_REAL_0399,COCO_val2017,0,Real,data/external_v1/native/real/coco2017/EXT_REAL_0399_377393.jpg,92959854e6f57534858455ae370cb6c0ec8a5bfc274c7f3a5fe628b5a3827ff8,true,real_only_false_positive_stress
EXT_REAL_0400,COCO_val2017,0,Real,data/external_v1/native/real/coco2017/EXT_REAL_0400_179265.jpg,1fc867afe91c5a84b66bd6eaada8d8bcca2ce65b15433be23ba0e70c3af34410,true,real_only_false_positive_stress
