image_id,source_dataset,generator,label,condition,raw_logit,raw_probability,calibrated_probability,binary_prediction,selective_prediction
EXT_REAL_0001,COCO_val2017,Real,0,original,-5.098896503448486,0.0060664515639441636,0.06429920238670474,0,REAL
EXT_REAL_0002,COCO_val2017,Real,0,original,1.617175817489624,0.8344052721666453,0.7004160578432181,1,UNCERTAIN
EXT_REAL_0003,COCO_val2017,Real,0,original,-4.166121959686279,0.015275345204712415,0.10084321321811779,0,REAL
EXT_REAL_0004,COCO_val2017,Real,0,original,3.0768489837646484,0.9559276228338454,0.8342213463901094,1,AI-GENERATED
EXT_REAL_0005,COCO_val2017,Real,0,original,-2.5271358489990234,0.07397761580693651,0.20963008008703024,0,REAL
EXT_REAL_0006,COCO_val2017,Real,0,original,-9.204085350036621,0.00010061733767676408,0.007894687373619251,0,REAL
EXT_REAL_0007,COCO_val2017,Real,0,original,-3.317440986633301,0.03497768338198704,0.14903432444023593,0,REAL
EXT_REAL_0008,COCO_val2017,Real,0,original,-3.1503734588623047,0.04107656540288841,0.1605074058303332,0,REAL
EXT_REAL_0009,COCO_val2017,Real,0,original,0.819556474685669,0.6941421838843101,0.6059692320574456,1,UNCERTAIN
EXT_REAL_0010,COCO_val2017,Real,0,original,4.207601547241211,0.9853362074571469,0.9011148793341791,1,AI-GENERATED
EXT_REAL_0011,COCO_val2017,Real,0,original,-1.096436619758606,0.25040815976465625,0.35989791573383495,0,UNCERTAIN
EXT_REAL_0012,COCO_val2017,Real,0,original,-1.9992519617080688,0.1192814836190766,0.259238180964179,0,REAL
EXT_REAL_0013,COCO_val2017,Real,0,original,1.6100796461105347,0.8334224439457975,0.6996335002699816,1,UNCERTAIN
EXT_REAL_0014,COCO_val2017,Real,0,original,0.011271946132183075,0.5028179566964027,0.5014798961460101,1,UNCERTAIN
EXT_REAL_0015,COCO_val2017,Real,0,original,1.4213837385177612,0.8055552513038934,0.6784062607032599,1,UNCERTAIN
EXT_REAL_0016,COCO_val2017,Real,0,original,-5.435844421386719,0.004338647963314293,0.054438829636052115,0,REAL
EXT_REAL_0017,COCO_val2017,Real,0,original,-5.310963153839111,0.00491291328943576,0.05791506134088527,0,REAL
EXT_REAL_0018,COCO_val2017,Real,0,original,-9.456574440002441,7.816781165074742e-05,0.006921089131265337,0,REAL
EXT_REAL_0019,COCO_val2017,Real,0,original,1.881078839302063,0.8677349950247979,0.7286673598654636,1,UNCERTAIN
EXT_REAL_0020,COCO_val2017,Real,0,original,-9.096362113952637,0.00011206021687871393,0.008350344948205723,0,REAL
EXT_REAL_0021,COCO_val2017,Real,0,original,-3.3954005241394043,0.03243951930472334,0.1439162639576396,0,REAL
EXT_REAL_0022,COCO_val2017,Real,0,original,-2.9012277126312256,0.05209290621980862,0.1789297205227052,0,REAL
EXT_REAL_0023,COCO_val2017,Real,0,original,-4.904138088226318,0.007361242384409626,0.07073399449130068,0,REAL
EXT_REAL_0024,COCO_val2017,Real,0,original,0.698954701423645,0.6679559752870751,0.590749517206234,1,UNCERTAIN
EXT_REAL_0025,COCO_val2017,Real,0,original,-0.3800939917564392,0.40610422759712883,0.45026227389647444,1,UNCERTAIN
EXT_REAL_0026,COCO_val2017,Real,0,original,-2.428567886352539,0.08102003240361069,0.21833555104242028,0,REAL
EXT_REAL_0027,COCO_val2017,Real,0,original,-6.21837854385376,0.0019885112519539647,0.0367682841370402,0,REAL
EXT_REAL_0028,COCO_val2017,Real,0,original,-1.2542308568954468,0.22196861656846087,0.34103735293807785,0,UNCERTAIN
EXT_REAL_0029,COCO_val2017,Real,0,original,-3.3406596183776855,0.03420236211252978,0.14749450924806853,0,REAL
EXT_REAL_0030,COCO_val2017,Real,0,original,5.1460862159729,0.9942115543611466,0.9371758155385818,1,AI-GENERATED
EXT_REAL_0031,COCO_val2017,Real,0,original,2.1439735889434814,0.8951042872575806,0.7550877966650223,1,AI-GENERATED
EXT_REAL_0032,COCO_val2017,Real,0,original,-3.6462135314941406,0.02542636298332189,0.128436498995525,0,REAL
EXT_REAL_0033,COCO_val2017,Real,0,original,-10.783589363098145,2.0736604211821132e-05,0.003459604930898412,0,REAL
EXT_REAL_0034,COCO_val2017,Real,0,original,-2.763536214828491,0.059326712445324455,0.18980077424460887,0,REAL
EXT_REAL_0035,COCO_val2017,Real,0,original,-1.697261929512024,0.15482321125355553,0.29083377064123356,0,UNCERTAIN
EXT_REAL_0036,COCO_val2017,Real,0,original,-2.386094808578491,0.08423920119712132,0.222166189193412,0,REAL
EXT_REAL_0037,COCO_val2017,Real,0,original,-4.649885177612305,0.009472120830812912,0.08002961769257913,0,REAL
EXT_REAL_0038,COCO_val2017,Real,0,original,0.32966917753219604,0.5816788804628126,0.5431746720033916,1,UNCERTAIN
EXT_REAL_0039,COCO_val2017,Real,0,original,-4.051223278045654,0.017103456723605266,0.10644780376923732,0,REAL
EXT_REAL_0040,COCO_val2017,Real,0,original,-3.661109685897827,0.025059836190753193,0.12756334165368116,0,REAL
EXT_REAL_0041,COCO_val2017,Real,0,original,-5.538915157318115,0.003915398210094789,0.05171879787596851,0,REAL
EXT_REAL_0042,COCO_val2017,Real,0,original,-5.133053302764893,0.005863934422306255,0.06322837186521481,0,REAL
EXT_REAL_0043,COCO_val2017,Real,0,original,-4.570089340209961,0.01025086580709887,0.08316972881105508,0,REAL
EXT_REAL_0044,COCO_val2017,Real,0,original,-6.379924297332764,0.0016923822735827026,0.03387892177039881,0,REAL
EXT_REAL_0045,COCO_val2017,Real,0,original,-5.2445292472839355,0.005248611669252082,0.059848234952326364,0,REAL
EXT_REAL_0046,COCO_val2017,Real,0,original,-7.296341896057129,0.0006775550995279201,0.02121166487294126,0,REAL
EXT_REAL_0047,COCO_val2017,Real,0,original,-4.551631450653076,0.010439838494359999,0.08391186698753314,0,REAL
EXT_REAL_0048,COCO_val2017,Real,0,original,-6.079362869262695,0.0022844045325869436,0.03944315764373234,0,REAL
EXT_REAL_0049,COCO_val2017,Real,0,original,-3.626304864883423,0.025924385950941414,0.12961142285552546,0,REAL
EXT_REAL_0050,COCO_val2017,Real,0,original,-1.2735387086868286,0.2186520853603481,0.3387623229216456,0,UNCERTAIN
EXT_REAL_0051,COCO_val2017,Real,0,original,-2.5960853099823,0.06939078847908654,0.2036937355418725,0,REAL
EXT_REAL_0052,COCO_val2017,Real,0,original,-3.9059836864471436,0.019724276682481043,0.11392355002864311,0,REAL
EXT_REAL_0053,COCO_val2017,Real,0,original,-8.972844123840332,0.00012679094593293934,0.008904977493927765,0,REAL
EXT_REAL_0054,COCO_val2017,Real,0,original,1.067437767982483,0.7441093448457761,0.6365863003825954,1,UNCERTAIN
EXT_REAL_0055,COCO_val2017,Real,0,original,1.7853260040283203,0.8563532744197863,0.718611787630488,1,UNCERTAIN
EXT_REAL_0056,COCO_val2017,Real,0,original,-3.465363025665283,0.03031398912608225,0.139448484276821,0,REAL
EXT_REAL_0057,COCO_val2017,Real,0,original,-4.792530536651611,0.008223266203995402,0.07468488171524545,0,REAL
EXT_REAL_0058,COCO_val2017,Real,0,original,-2.02297306060791,0.11681191984170289,0.2568531186223298,0,REAL
EXT_REAL_0059,COCO_val2017,Real,0,original,-6.80141019821167,0.0011109699840122578,0.027335721626774476,0,REAL
EXT_REAL_0060,COCO_val2017,Real,0,original,-0.7578431367874146,0.31911472761818144,0.4017951931314539,0,UNCERTAIN
EXT_REAL_0061,COCO_val2017,Real,0,original,-10.816972732543945,2.0055787579517896e-05,0.0033996851944993953,0,REAL
EXT_REAL_0062,COCO_val2017,Real,0,original,-2.3392696380615234,0.0879224664669108,0.22644470421949264,0,REAL
EXT_REAL_0063,COCO_val2017,Real,0,original,2.0126583576202393,0.8821197311291518,0.7421115457786033,1,AI-GENERATED
EXT_REAL_0064,COCO_val2017,Real,0,original,-4.561298847198486,0.010340437304860728,0.08352242176932843,0,REAL
EXT_REAL_0065,COCO_val2017,Real,0,original,-7.941226482391357,0.0003556433379552354,0.015210629820532631,0,REAL
EXT_REAL_0066,COCO_val2017,Real,0,original,-2.318986415863037,0.08956267382593477,0.22831602093569217,0,REAL
EXT_REAL_0067,COCO_val2017,Real,0,original,1.2230805158615112,0.7726052086072749,0.6552767748405833,1,UNCERTAIN
EXT_REAL_0068,COCO_val2017,Real,0,original,-2.0768747329711914,0.1113648762522308,0.251487156303982,0,REAL
EXT_REAL_0069,COCO_val2017,Real,0,original,-3.204550266265869,0.038994846835788514,0.1567106281951067,0,REAL
EXT_REAL_0070,COCO_val2017,Real,0,original,-1.2140798568725586,0.228979963489116,0.34579174178898026,0,UNCERTAIN
EXT_REAL_0071,COCO_val2017,Real,0,original,-6.305502414703369,0.0018228993835600032,0.035181740133486315,0,REAL
EXT_REAL_0072,COCO_val2017,Real,0,original,0.5703030824661255,0.6388331069045473,0.5743207022878722,1,UNCERTAIN
EXT_REAL_0073,COCO_val2017,Real,0,original,-5.621031284332275,0.0036078413494242184,0.04964423780252339,0,REAL
EXT_REAL_0074,COCO_val2017,Real,0,original,-0.016411669552326202,0.49589717470040956,0.4978453155460677,1,UNCERTAIN
EXT_REAL_0075,COCO_val2017,Real,0,original,-0.42417478561401367,0.3955181934521398,0.4445389942172118,1,UNCERTAIN
EXT_REAL_0076,COCO_val2017,Real,0,original,-6.722867488861084,0.0012016377642181456,0.028454079896659396,0,REAL
EXT_REAL_0077,COCO_val2017,Real,0,original,-0.8215948343276978,0.30542522574023123,0.3937752003328676,0,UNCERTAIN
EXT_REAL_0078,COCO_val2017,Real,0,original,-3.4751486778259277,0.030027657696709502,0.1388329260654203,0,REAL
EXT_REAL_0079,COCO_val2017,Real,0,original,4.127089977264404,0.9841262904153196,0.8972828757252309,1,AI-GENERATED
EXT_REAL_0080,COCO_val2017,Real,0,original,-4.622826099395752,0.009729399136483359,0.08108212093201402,0,REAL
EXT_REAL_0081,COCO_val2017,Real,0,original,-5.699061393737793,0.0033379283949894313,0.04774618013213897,0,REAL
EXT_REAL_0082,COCO_val2017,Real,0,original,-2.4489595890045166,0.07951466572645574,0.2165134193664449,0,REAL
EXT_REAL_0083,COCO_val2017,Real,0,original,-5.909780979156494,0.0027054417071033367,0.042959226722807546,0,REAL
EXT_REAL_0084,COCO_val2017,Real,0,original,-3.2371013164520264,0.037793159550041006,0.15446477169872835,0,REAL
EXT_REAL_0085,COCO_val2017,Real,0,original,0.5662235021591187,0.6378913121268852,0.5737968424880322,1,UNCERTAIN
EXT_REAL_0086,COCO_val2017,Real,0,original,-4.681136608123779,0.009183357571670814,0.07882957897132886,0,REAL
EXT_REAL_0087,COCO_val2017,Real,0,original,-2.2988743782043457,0.09121622743974396,0.2301822696025089,0,REAL
EXT_REAL_0088,COCO_val2017,Real,0,original,-0.8474293947219849,0.29997237851637043,0.3905411659839335,0,UNCERTAIN
EXT_REAL_0089,COCO_val2017,Real,0,original,-3.359915256500244,0.03357197266678509,0.14622751249187557,0,REAL
EXT_REAL_0090,COCO_val2017,Real,0,original,1.4196257591247559,0.8052797405417218,0.6782048065089457,1,UNCERTAIN
EXT_REAL_0091,COCO_val2017,Real,0,original,-8.97414493560791,0.00012662614287516056,0.008898950365017352,0,REAL
EXT_REAL_0092,COCO_val2017,Real,0,original,2.289942741394043,0.9080406689260654,0.7689855190779755,1,AI-GENERATED
EXT_REAL_0093,COCO_val2017,Real,0,original,-6.068431377410889,0.00230945548318652,0.03966123790582735,0,REAL
EXT_REAL_0094,COCO_val2017,Real,0,original,-0.9404764175415039,0.2808041185062511,0.3789745953903647,0,UNCERTAIN
EXT_REAL_0095,COCO_val2017,Real,0,original,0.21743205189704895,0.5541448650008509,0.5285158052028608,1,UNCERTAIN
EXT_REAL_0096,COCO_val2017,Real,0,original,-8.070521354675293,0.0003125225516622826,0.0142263053704945,0,REAL
EXT_REAL_0097,COCO_val2017,Real,0,original,-1.0140389204025269,0.2661901718152134,0.3699258161523127,0,UNCERTAIN
EXT_REAL_0098,COCO_val2017,Real,0,original,-0.5671777129173279,0.36188830757402246,0.42608061221450944,0,UNCERTAIN
EXT_REAL_0099,COCO_val2017,Real,0,original,-5.524329662322998,0.003972696202284664,0.052095755049627636,0,REAL
EXT_REAL_0100,COCO_val2017,Real,0,original,-2.8332786560058594,0.055552128793471864,0.18423242876764262,0,REAL
EXT_REAL_0101,COCO_val2017,Real,0,original,0.8685660362243652,0.7044472323863074,0.6120976491380409,1,UNCERTAIN
EXT_REAL_0102,COCO_val2017,Real,0,original,-2.1765317916870117,0.10187782668920686,0.24176401091356767,0,REAL
EXT_REAL_0103,COCO_val2017,Real,0,original,-4.620343208312988,0.009753350284524601,0.08117932631039357,0,REAL
EXT_REAL_0104,COCO_val2017,Real,0,original,2.8083090782165527,0.9431231829615787,0.8137886292175134,1,AI-GENERATED
EXT_REAL_0105,COCO_val2017,Real,0,original,-2.744065999984741,0.06042265635054912,0.1913781313539759,0,REAL
EXT_REAL_0106,COCO_val2017,Real,0,original,1.608603596687317,0.8332174239179868,0.699470576754082,1,UNCERTAIN
EXT_REAL_0107,COCO_val2017,Real,0,original,1.6968809366226196,0.8451269281332273,0.7091249605893426,1,UNCERTAIN
EXT_REAL_0108,COCO_val2017,Real,0,original,1.5000898838043213,0.8175878816614912,0.6873567647265295,1,UNCERTAIN
EXT_REAL_0109,COCO_val2017,Real,0,original,-2.1553640365600586,0.1038310369691676,0.24380767010230892,0,REAL
EXT_REAL_0110,COCO_val2017,Real,0,original,1.8222594261169434,0.8608370194468442,0.7225171579305393,1,UNCERTAIN
EXT_REAL_0111,COCO_val2017,Real,0,original,0.3098883628845215,0.5768580115446386,0.540595867781556,1,UNCERTAIN
EXT_REAL_0112,COCO_val2017,Real,0,original,4.821098804473877,0.9920064830006076,0.9263453367682267,1,AI-GENERATED
EXT_REAL_0113,COCO_val2017,Real,0,original,2.272771120071411,0.9065967083037392,0.7673796355184977,1,AI-GENERATED
EXT_REAL_0114,COCO_val2017,Real,0,original,-3.4972972869873047,0.029389229014481415,0.13744810251536674,0,REAL
EXT_REAL_0115,COCO_val2017,Real,0,original,2.2110817432403564,0.9012402505422413,0.7615465004339883,1,AI-GENERATED
EXT_REAL_0116,COCO_val2017,Real,0,original,-8.469693183898926,0.0002096852646692812,0.01156700635049236,0,REAL
EXT_REAL_0117,COCO_val2017,Real,0,original,-5.650949954986572,0.003501870685940469,0.04890816664228323,0,REAL
EXT_REAL_0118,COCO_val2017,Real,0,original,-4.115767955780029,0.016051552109538562,0.10326643189481102,0,REAL
EXT_REAL_0119,COCO_val2017,Real,0,original,0.2837870717048645,0.5704744294449274,0.5371897619529576,1,UNCERTAIN
EXT_REAL_0120,COCO_val2017,Real,0,original,-9.552456855773926,7.102150213512842e-05,0.006583452096178417,0,REAL
EXT_REAL_0121,COCO_val2017,Real,0,original,-0.7646668553352356,0.3176339000623511,0.4009341675415241,0,UNCERTAIN
EXT_REAL_0122,COCO_val2017,Real,0,original,-5.4502644538879395,0.004276799093035445,0.05405032763796828,0,REAL
EXT_REAL_0123,COCO_val2017,Real,0,original,-4.239887237548828,0.014204540273014068,0.09738453494474653,0,REAL
EXT_REAL_0124,COCO_val2017,Real,0,original,3.2668590545654297,0.9632742160414594,0.8475652797074588,1,AI-GENERATED
EXT_REAL_0125,COCO_val2017,Real,0,original,6.8121562004089355,0.9989008915340926,0.9728139281146071,1,AI-GENERATED
EXT_REAL_0126,COCO_val2017,Real,0,original,-1.0600508451461792,0.25729973824371993,0.364311635594502,0,UNCERTAIN
EXT_REAL_0127,COCO_val2017,Real,0,original,-2.860901355743408,0.05412054017359472,0.1820622283591104,0,REAL
EXT_REAL_0128,COCO_val2017,Real,0,original,0.737139105796814,0.6763699409300638,0.5955886557104746,1,UNCERTAIN
EXT_REAL_0129,COCO_val2017,Real,0,original,-2.211010456085205,0.09876609464241104,0.23846029800583127,0,REAL
EXT_REAL_0130,COCO_val2017,Real,0,original,-4.0486063957214355,0.01714750458264154,0.10657859219277323,0,REAL
EXT_REAL_0131,COCO_val2017,Real,0,original,-5.003335952758789,0.006670709778388876,0.06738539551962353,0,REAL
EXT_REAL_0132,COCO_val2017,Real,0,original,1.6262145042419434,0.8356504036689858,0.7014111419257124,1,UNCERTAIN
EXT_REAL_0133,COCO_val2017,Real,0,original,-6.87947416305542,0.0010276277184280542,0.026266560855407472,0,REAL
EXT_REAL_0134,COCO_val2017,Real,0,original,3.2236416339874268,0.9617143247134672,0.844609785082959,1,AI-GENERATED
EXT_REAL_0135,COCO_val2017,Real,0,original,4.5599684715271,0.9896459394062362,0.9164240824928432,1,AI-GENERATED
EXT_REAL_0136,COCO_val2017,Real,0,original,-3.065687894821167,0.044544993948549334,0.16659084885223077,0,REAL
EXT_REAL_0137,COCO_val2017,Real,0,original,-2.3604836463928223,0.08623607581568132,0.2244991478011022,0,REAL
EXT_REAL_0138,COCO_val2017,Real,0,original,-4.375587463378906,0.012424440569090638,0.0912975414568884,0,REAL
EXT_REAL_0139,COCO_val2017,Real,0,original,-4.794445514678955,0.008207663023683802,0.07461541224489954,0,REAL
EXT_REAL_0140,COCO_val2017,Real,0,original,-2.5034120082855225,0.0756193314470465,0.21170179955251772,0,REAL
EXT_REAL_0141,COCO_val2017,Real,0,original,1.835419774055481,0.8624061111261037,0.723900648348572,1,UNCERTAIN
EXT_REAL_0142,COCO_val2017,Real,0,original,-6.336695194244385,0.0017670146903651753,0.03462990857526733,0,REAL
EXT_REAL_0143,COCO_val2017,Real,0,original,1.18559730052948,0.7659527203875056,0.650816709949629,1,UNCERTAIN
EXT_REAL_0144,COCO_val2017,Real,0,original,3.0672552585601807,0.9555216666078598,0.8335234004617588,1,AI-GENERATED
EXT_REAL_0145,COCO_val2017,Real,0,original,3.2692599296569824,0.9633590573946805,0.8477281080043123,1,AI-GENERATED
EXT_REAL_0146,COCO_val2017,Real,0,original,-11.155591011047363,1.4294934616332593e-05,0.002847402784157917,0,REAL
EXT_REAL_0147,COCO_val2017,Real,0,original,-3.987975597381592,0.018199828999607287,0.10964868003107663,0,REAL
EXT_REAL_0148,COCO_val2017,Real,0,original,-3.208930015563965,0.03883105000298961,0.15640690710335348,0,REAL
EXT_REAL_0149,COCO_val2017,Real,0,original,0.031318299472332,0.5078289349701822,0.5041117053538076,1,UNCERTAIN
EXT_REAL_0150,COCO_val2017,Real,0,original,-9.868223190307617,5.179199363672548e-05,0.005583060831832685,0,REAL
EXT_REAL_0151,COCO_val2017,Real,0,original,0.6407145261764526,0.6549149623598647,0.5833350148301322,1,UNCERTAIN
EXT_REAL_0152,COCO_val2017,Real,0,original,-2.252870798110962,0.0951021232543865,0.23449114572746738,0,REAL
EXT_REAL_0153,COCO_val2017,Real,0,original,-1.1586912870407104,0.2389051664467157,0.35240120339176617,0,UNCERTAIN
EXT_REAL_0154,COCO_val2017,Real,0,original,2.4900336265563965,0.9234401800262422,0.7871233271265243,1,AI-GENERATED
EXT_REAL_0155,COCO_val2017,Real,0,original,-1.6609935760498047,0.15962866626498506,0.29477775143948526,0,UNCERTAIN
EXT_REAL_0156,COCO_val2017,Real,0,original,5.200084209442139,0.9945141605449264,0.93882488679365,1,AI-GENERATED
EXT_REAL_0157,COCO_val2017,Real,0,original,-1.1889134645462036,0.23345331809066205,0.34878762509884,0,UNCERTAIN
EXT_REAL_0158,COCO_val2017,Real,0,original,-2.6228630542755127,0.06768140926472267,0.2014222374338138,0,REAL
EXT_REAL_0159,COCO_val2017,Real,0,original,0.6383905410766602,0.6543895496569804,0.5830383431410141,1,UNCERTAIN
EXT_REAL_0160,COCO_val2017,Real,0,original,1.7967679500579834,0.857755044184688,0.7198252387905787,1,UNCERTAIN
EXT_REAL_0161,COCO_val2017,Real,0,original,-3.0424013137817383,0.04554666647537423,0.16829566551217842,0,REAL
EXT_REAL_0162,COCO_val2017,Real,0,original,-5.72213888168335,0.0032620278355899564,0.04719816278953023,0,REAL
EXT_REAL_0163,COCO_val2017,Real,0,original,-8.238507270812988,0.00026420862667430624,0.013040695081678747,0,REAL
EXT_REAL_0164,COCO_val2017,Real,0,original,-3.2210185527801514,0.038382373885589134,0.15557109520982745,0,REAL
EXT_REAL_0165,COCO_val2017,Real,0,original,1.4466853141784668,0.80948777636107,0.6812982981790984,1,UNCERTAIN
EXT_REAL_0166,COCO_val2017,Real,0,original,-1.8475823402404785,0.13615700792852378,0.2748245546398661,0,UNCERTAIN
EXT_REAL_0167,COCO_val2017,Real,0,original,-2.304980516433716,0.0907113159331368,0.22961453674492463,0,REAL
EXT_REAL_0168,COCO_val2017,Real,0,original,-2.9370434284210205,0.05035246004020064,0.17618307579809217,0,REAL
EXT_REAL_0169,COCO_val2017,Real,0,original,-5.567602634429932,0.0038050924739753164,0.05098489235338462,0,REAL
EXT_REAL_0170,COCO_val2017,Real,0,original,-0.7928918600082397,0.31154806852828354,0.39737924588069934,0,UNCERTAIN
EXT_REAL_0171,COCO_val2017,Real,0,original,-8.629145622253418,0.0001787853875591907,0.010647742893183989,0,REAL
EXT_REAL_0172,COCO_val2017,Real,0,original,-1.5897315740585327,0.1694216659345784,0.3026169129783968,0,UNCERTAIN
EXT_REAL_0173,COCO_val2017,Real,0,original,4.449418067932129,0.9884496054957601,0.9118685911469392,1,AI-GENERATED
EXT_REAL_0174,COCO_val2017,Real,0,original,-3.165879249572754,0.04047013097271533,0.15941320230539588,0,REAL
EXT_REAL_0175,COCO_val2017,Real,0,original,-2.0453007221221924,0.11452807904648807,0.254621320339194,0,REAL
EXT_REAL_0176,COCO_val2017,Real,0,original,-6.72745943069458,0.0011961391479421819,0.028387490655170537,0,REAL
EXT_REAL_0177,COCO_val2017,Real,0,original,-5.7350897789001465,0.003220189197820415,0.046893244102594954,0,REAL
EXT_REAL_0178,COCO_val2017,Real,0,original,-5.125326633453369,0.005909149825944758,0.06346914134746783,0,REAL
EXT_REAL_0179,COCO_val2017,Real,0,original,-4.220048427581787,0.014485032666997874,0.09830418709958459,0,REAL
EXT_REAL_0180,COCO_val2017,Real,0,original,-3.9802932739257812,0.018337610627491188,0.11004316903268262,0,REAL
EXT_REAL_0181,COCO_val2017,Real,0,original,-3.671607494354248,0.02480463016359842,0.1269510474797489,0,REAL
EXT_REAL_0182,COCO_val2017,Real,0,original,-1.1229718923568726,0.24546044422837726,0.356693922206967,0,UNCERTAIN
EXT_REAL_0183,COCO_val2017,Real,0,original,-1.7393052577972412,0.14940120120185782,0.2863009877729576,0,UNCERTAIN
EXT_REAL_0184,COCO_val2017,Real,0,original,-1.5107759237289429,0.18082382976411912,0.311438520862177,0,UNCERTAIN
EXT_REAL_0185,COCO_val2017,Real,0,original,-3.4184350967407227,0.031724263608389154,0.14243228448560738,0,REAL
EXT_REAL_0186,COCO_val2017,Real,0,original,-3.7212820053100586,0.023630980942806242,0.12408771582326383,0,REAL
EXT_REAL_0187,COCO_val2017,Real,0,original,-1.1853212118148804,0.23409677743596813,0.3492162406932815,0,UNCERTAIN
EXT_REAL_0188,COCO_val2017,Real,0,original,-2.4023876190185547,0.0829908097125686,0.22069109233776107,0,REAL
EXT_REAL_0189,COCO_val2017,Real,0,original,-5.398599147796631,0.004502547809195536,0.055454495161230535,0,REAL
EXT_REAL_0190,COCO_val2017,Real,0,original,-2.7310070991516113,0.06116830283104345,0.19244167784984786,0,REAL
EXT_REAL_0191,COCO_val2017,Real,0,original,-7.397354602813721,0.000612496526248439,0.02013782127130192,0,REAL
EXT_REAL_0192,COCO_val2017,Real,0,original,6.300602436065674,0.9981681629313279,0.9647308077859721,1,AI-GENERATED
EXT_REAL_0193,COCO_val2017,Real,0,original,-5.020425796508789,0.006558418314153023,0.06682355402617349,0,REAL
EXT_REAL_0194,COCO_val2017,Real,0,original,-3.3546524047851562,0.033743145128820394,0.14657290311962895,0,REAL
EXT_REAL_0195,COCO_val2017,Real,0,original,-8.516003608703613,0.0002001979708564357,0.0112922227190423,0,REAL
EXT_REAL_0196,COCO_val2017,Real,0,original,-2.138512372970581,0.10540958805843491,0.24544297578212235,0,REAL
EXT_REAL_0197,COCO_val2017,Real,0,original,1.7269961833953857,0.8490277957854573,0.7123763292307845,1,UNCERTAIN
EXT_REAL_0198,COCO_val2017,Real,0,original,-9.917617797851562,4.92960256840916e-05,0.005440875290679973,0,REAL
EXT_REAL_0199,COCO_val2017,Real,0,original,4.866659641265869,0.9923597824023666,0.9279612949187747,1,AI-GENERATED
EXT_REAL_0200,COCO_val2017,Real,0,original,-2.0716934204101562,0.11187866658247327,0.2519997130556035,0,REAL
EXT_REAL_0201,COCO_val2017,Real,0,original,-2.941373825073242,0.050145795804251686,0.1758532411456182,0,REAL
EXT_REAL_0202,COCO_val2017,Real,0,original,-4.4373860359191895,0.011688574429985736,0.08864053549031331,0,REAL
EXT_REAL_0203,COCO_val2017,Real,0,original,-4.102485656738281,0.016262685459714085,0.10391415769533205,0,REAL
EXT_REAL_0204,COCO_val2017,Real,0,original,-0.848077118396759,0.2998363813265054,0.39046020451374175,0,UNCERTAIN
EXT_REAL_0205,COCO_val2017,Real,0,original,-3.5462799072265625,0.02802372542682969,0.13442672976349604,0,REAL
EXT_REAL_0206,COCO_val2017,Real,0,original,-2.5269458293914795,0.07399063414033037,0.20964661449307367,0,REAL
EXT_REAL_0207,COCO_val2017,Real,0,original,-4.646782398223877,0.009501276699230158,0.08014966883150657,0,REAL
EXT_REAL_0208,COCO_val2017,Real,0,original,-2.871204137802124,0.0535955416123121,0.181257886415079,0,REAL
EXT_REAL_0209,COCO_val2017,Real,0,original,0.40850985050201416,0.6007305151871173,0.5534287359151022,1,UNCERTAIN
EXT_REAL_0210,COCO_val2017,Real,0,original,-0.46628957986831665,0.38549482542507874,0.43908466133575014,1,UNCERTAIN
EXT_REAL_0211,COCO_val2017,Real,0,original,-2.6743526458740234,0.0645038181655525,0.19710784989694316,0,REAL
EXT_REAL_0212,COCO_val2017,Real,0,original,0.42112457752227783,0.6037523200472575,0.5550654342834248,1,UNCERTAIN
EXT_REAL_0213,COCO_val2017,Real,0,original,3.2255148887634277,0.9617832381100005,0.844738854389412,1,AI-GENERATED
EXT_REAL_0214,COCO_val2017,Real,0,original,0.43876174092292786,0.6079639388754289,0.5573517600405953,1,UNCERTAIN
EXT_REAL_0215,COCO_val2017,Real,0,original,-5.401528835296631,0.004489435188879695,0.05537396148780848,0,REAL
EXT_REAL_0216,COCO_val2017,Real,0,original,-1.8253804445266724,0.13878951391088523,0.27715435690393314,0,UNCERTAIN
EXT_REAL_0217,COCO_val2017,Real,0,original,-2.2439393997192383,0.09587352343164644,0.23533415065296076,0,REAL
EXT_REAL_0218,COCO_val2017,Real,0,original,-3.2446415424346924,0.037519914058449566,0.15394830215163732,0,REAL
EXT_REAL_0219,COCO_val2017,Real,0,original,-2.4336390495300293,0.08064325630904592,0.2178813793240158,0,REAL
EXT_REAL_0220,COCO_val2017,Real,0,original,-7.225244522094727,0.0007274449500898877,0.022000876317534286,0,REAL
EXT_REAL_0221,COCO_val2017,Real,0,original,-4.8727240562438965,0.007594375165463249,0.07182609376759773,0,REAL
EXT_REAL_0222,COCO_val2017,Real,0,original,-4.520670413970947,0.010764588657612676,0.0851702367168841,0,REAL
EXT_REAL_0223,COCO_val2017,Real,0,original,-4.552372455596924,0.010432186061116908,0.08388195777214875,0,REAL
EXT_REAL_0224,COCO_val2017,Real,0,original,2.0998501777648926,0.8908886160236168,0.7507773161667773,1,AI-GENERATED
EXT_REAL_0225,COCO_val2017,Real,0,original,-1.7140353918075562,0.15264103917543068,0.28902031500369896,0,UNCERTAIN
EXT_REAL_0226,COCO_val2017,Real,0,original,-7.405401706695557,0.0006075904640511595,0.020054600791905464,0,REAL
EXT_REAL_0227,COCO_val2017,Real,0,original,-4.368190288543701,0.012515532575069412,0.09162033868061266,0,REAL
EXT_REAL_0228,COCO_val2017,Real,0,original,-4.888683795928955,0.007475031798102422,0.07126932778108758,0,REAL
EXT_REAL_0229,COCO_val2017,Real,0,original,-9.61101245880127,6.698248145885173e-05,0.006385357198990413,0,REAL
EXT_REAL_0230,COCO_val2017,Real,0,original,-5.328952312469482,0.004825746983376132,0.05740175956569222,0,REAL
EXT_REAL_0231,COCO_val2017,Real,0,original,-10.33657169342041,3.242424481662953e-05,0.004371019423232451,0,REAL
EXT_REAL_0232,COCO_val2017,Real,0,original,-7.614696979522705,0.0004929070170702515,0.018004725203596285,0,REAL
EXT_REAL_0233,COCO_val2017,Real,0,original,-5.9493632316589355,0.0026007189878584514,0.042112664388965035,0,REAL
EXT_REAL_0234,COCO_val2017,Real,0,original,-7.175596237182617,0.0007644446204450013,0.02256894131485852,0,REAL
EXT_REAL_0235,COCO_val2017,Real,0,original,1.7681242227554321,0.8542242447232566,0.7167814853517579,1,UNCERTAIN
EXT_REAL_0236,COCO_val2017,Real,0,original,-0.20372217893600464,0.4492448736389516,0.47327867817951663,1,UNCERTAIN
EXT_REAL_0237,COCO_val2017,Real,0,original,-2.009275436401367,0.11823249526025228,0.2582286064299512,0,REAL
EXT_REAL_0238,COCO_val2017,Real,0,original,-1.144882321357727,0.24142508901595408,0.354057970116984,0,UNCERTAIN
EXT_REAL_0239,COCO_val2017,Real,0,original,-8.92038631439209,0.00013361875271581536,0.009151433695440985,0,REAL
EXT_REAL_0240,COCO_val2017,Real,0,original,-1.350341796875,0.20581449781255864,0.3297869760067973,0,UNCERTAIN
EXT_REAL_0241,COCO_val2017,Real,0,original,-5.249858379364014,0.005220861163491382,0.059690958227166566,0,REAL
EXT_REAL_0242,COCO_val2017,Real,0,original,1.1698845624923706,0.7631241492208799,0.6489391407145167,1,UNCERTAIN
EXT_REAL_0243,COCO_val2017,Real,0,original,-0.27359718084335327,0.43202420641487704,0.46414093515964455,1,UNCERTAIN
EXT_REAL_0244,COCO_val2017,Real,0,original,-3.372762441635132,0.03315763561542037,0.14538720967538557,0,REAL
EXT_REAL_0245,COCO_val2017,Real,0,original,-5.43502140045166,0.004342204719723296,0.054461082531308914,0,REAL
EXT_REAL_0246,COCO_val2017,Real,0,original,-2.201349973678589,0.09962932652489037,0.23938282003259778,0,REAL
EXT_REAL_0247,COCO_val2017,Real,0,original,0.5318604111671448,0.6299169187100931,0.5693778059781969,1,UNCERTAIN
EXT_REAL_0248,COCO_val2017,Real,0,original,-7.613771915435791,0.0004933629735528986,0.018013316585152653,0,REAL
EXT_REAL_0249,COCO_val2017,Real,0,original,1.7027170658111572,0.8458892662597545,0.7097567452928353,1,UNCERTAIN
EXT_REAL_0250,COCO_val2017,Real,0,original,-3.4186348915100098,0.03171812691985401,0.1424194689052753,0,REAL
EXT_REAL_0251,COCO_val2017,Real,0,original,-3.6420116424560547,0.025530693110035477,0.12868371792604777,0,REAL
EXT_REAL_0252,COCO_val2017,Real,0,original,-3.9094924926757812,0.01965654731509979,0.11373767172332144,0,REAL
EXT_REAL_0253,COCO_val2017,Real,0,original,1.7233353853225708,0.8485579563623198,0.7119822525864279,1,UNCERTAIN
EXT_REAL_0254,COCO_val2017,Real,0,original,-0.7485402226448059,0.32113946216441247,0.4029700225019257,0,UNCERTAIN
EXT_REAL_0255,COCO_val2017,Real,0,original,-5.856695652008057,0.0028525206162710124,0.044120128961930696,0,REAL
EXT_REAL_0256,COCO_val2017,Real,0,original,-0.2657707929611206,0.4339456523392706,0.4651633303994235,1,UNCERTAIN
EXT_REAL_0257,COCO_val2017,Real,0,original,-3.0734941959381104,0.0442139307656631,0.1660224483039651,0,REAL
EXT_REAL_0258,COCO_val2017,Real,0,original,-2.2309203147888184,0.09700799385958123,0.23656673202679568,0,REAL
EXT_REAL_0259,COCO_val2017,Real,0,original,0.3265257477760315,0.5809137984190362,0.5427650173471373,1,UNCERTAIN
EXT_REAL_0260,COCO_val2017,Real,0,original,-0.06670773774385452,0.4833292470684981,0.4912427973002473,1,UNCERTAIN
EXT_REAL_0261,COCO_val2017,Real,0,original,-0.26829254627227783,0.43332632035918717,0.46483387036340007,1,UNCERTAIN
EXT_REAL_0262,COCO_val2017,Real,0,original,-1.2851256132125854,0.21667899402116478,0.3374006070919408,0,UNCERTAIN
EXT_REAL_0263,COCO_val2017,Real,0,original,-0.9700625538825989,0.2748680340700815,0.37532473127135535,0,UNCERTAIN
EXT_REAL_0264,COCO_val2017,Real,0,original,-4.329409122467041,0.01300399822662392,0.09332951098098924,0,REAL
EXT_REAL_0265,COCO_val2017,Real,0,original,-6.346137523651123,0.001750437547763606,0.03446451600740876,0,REAL
EXT_REAL_0266,COCO_val2017,Real,0,original,6.495188236236572,0.9984915879245021,0.9680474280248815,1,AI-GENERATED
EXT_REAL_0267,COCO_val2017,Real,0,original,-2.771958351135254,0.05885843855732606,0.18912155573977923,0,REAL
EXT_REAL_0268,COCO_val2017,Real,0,original,-1.3934882879257202,0.19885145542808375,0.3247981868860396,0,UNCERTAIN
EXT_REAL_0269,COCO_val2017,Real,0,original,-6.955019474029541,0.0009529264307887741,0.02527069274887592,0,REAL
EXT_REAL_0270,COCO_val2017,Real,0,original,-0.7717270851135254,0.3161056215421976,0.40004394198393795,0,UNCERTAIN
EXT_REAL_0271,COCO_val2017,Real,0,original,-5.3909125328063965,0.004537132884246026,0.055666315577660025,0,REAL
EXT_REAL_0272,COCO_val2017,Real,0,original,-1.2250609397888184,0.2270470456944628,0.34448832846305744,0,UNCERTAIN
EXT_REAL_0273,COCO_val2017,Real,0,original,0.8343443274497986,0.697272730663358,0.6078219955292375,1,UNCERTAIN
EXT_REAL_0274,COCO_val2017,Real,0,original,-0.24258381128311157,0.4396497096401415,0.4681940332663604,1,UNCERTAIN
EXT_REAL_0275,COCO_val2017,Real,0,original,-4.280755996704102,0.013643481653288436,0.09551417769822342,0,REAL
EXT_REAL_0276,COCO_val2017,Real,0,original,-1.5952637195587158,0.1686446167325902,0.3020041358962942,0,UNCERTAIN
EXT_REAL_0277,COCO_val2017,Real,0,original,-1.8279130458831787,0.13848707653921297,0.27688797854363656,0,UNCERTAIN
EXT_REAL_0278,COCO_val2017,Real,0,original,-8.473562240600586,0.0002088757170510399,0.01154379844485641,0,REAL
EXT_REAL_0279,COCO_val2017,Real,0,original,-0.7228778600692749,0.32675957360089664,0.40621656288573516,0,UNCERTAIN
EXT_REAL_0280,COCO_val2017,Real,0,original,-0.8298221230506897,0.3036826826353294,0.3927442625930684,0,UNCERTAIN
EXT_REAL_0281,COCO_val2017,Real,0,original,-3.986436367034912,0.018227353290248,0.10972762038346616,0,REAL
EXT_REAL_0282,COCO_val2017,Real,0,original,-6.299991130828857,0.0018329551694162302,0.03528011713153368,0,REAL
EXT_REAL_0283,COCO_val2017,Real,0,original,-3.6921181678771973,0.024313296137630253,0.1257619906786351,0,REAL
EXT_REAL_0284,COCO_val2017,Real,0,original,-8.02220630645752,0.00032798773355067107,0.014586558697215597,0,REAL
EXT_REAL_0285,COCO_val2017,Real,0,original,-1.5038756132125854,0.18184820113507566,0.3122161520344497,0,UNCERTAIN
EXT_REAL_0286,COCO_val2017,Real,0,original,-1.0529892444610596,0.25865149710258123,0.36517091053726497,0,UNCERTAIN
EXT_REAL_0287,COCO_val2017,Real,0,original,-8.412693977355957,0.00022198161749100524,0.011914297933357349,0,REAL
EXT_REAL_0288,COCO_val2017,Real,0,original,0.9838418960571289,0.7278698669983338,0.6263703480921171,1,UNCERTAIN
EXT_REAL_0289,COCO_val2017,Real,0,original,-3.5600500106811523,0.027651077679101712,0.1335875176024286,0,REAL
EXT_REAL_0290,COCO_val2017,Real,0,original,-9.322409629821777,8.939024267670482e-05,0.00742257731704866,0,REAL
EXT_REAL_0291,COCO_val2017,Real,0,original,-0.4542102813720703,0.3883602014941495,0.44064761925852564,1,UNCERTAIN
EXT_REAL_0292,COCO_val2017,Real,0,original,0.4183085858821869,0.6030784385631893,0.5547001755800034,1,UNCERTAIN
EXT_REAL_0293,COCO_val2017,Real,0,original,-3.956051826477051,0.018779122790205872,0.11129613613179377,0,REAL
EXT_REAL_0294,COCO_val2017,Real,0,original,10.83847427368164,0.999980370831379,0.996638359124092,1,AI-GENERATED
EXT_REAL_0295,COCO_val2017,Real,0,original,-4.554623126983643,0.010408977162821333,0.08379117319447064,0,REAL
EXT_REAL_0296,COCO_val2017,Real,0,original,-4.081804275512695,0.016596882060355537,0.104929857841256,0,REAL
EXT_REAL_0297,COCO_val2017,Real,0,original,4.464874744415283,0.9886247483251513,0.9125187519336916,1,AI-GENERATED
EXT_REAL_0298,COCO_val2017,Real,0,original,-1.9775630235671997,0.12157886081684756,0.2614314774615158,0,REAL
EXT_REAL_0299,COCO_val2017,Real,0,original,-3.0736758708953857,0.044206253988604075,0.16600923851142693,0,REAL
EXT_REAL_0300,COCO_val2017,Real,0,original,-4.307297706604004,0.013290873343413424,0.09431676619709083,0,REAL
EXT_REAL_0301,COCO_val2017,Real,0,original,-4.001419544219971,0.017961154117992956,0.10896131388950267,0,REAL
EXT_REAL_0302,COCO_val2017,Real,0,original,0.6138895153999329,0.6488275417621376,0.579907009308214,1,UNCERTAIN
EXT_REAL_0303,COCO_val2017,Real,0,original,1.5702518224716187,0.8278195045872084,0.6952197925031042,1,UNCERTAIN
EXT_REAL_0304,COCO_val2017,Real,0,original,-1.7917119264602661,0.14286296451939376,0.28071057276751216,0,UNCERTAIN
EXT_REAL_0305,COCO_val2017,Real,0,original,-4.590957164764404,0.010041294755101137,0.08233788590780788,0,REAL
EXT_REAL_0306,COCO_val2017,Real,0,original,-2.249962329864502,0.0953527142970954,0.2347654361629858,0,REAL
EXT_REAL_0307,COCO_val2017,Real,0,original,-3.1105527877807617,0.042674055479950464,0.1633452757052674,0,REAL
EXT_REAL_0308,COCO_val2017,Real,0,original,-2.1039493083953857,0.10871356150533856,0.24882010632714152,0,REAL
EXT_REAL_0309,COCO_val2017,Real,0,original,4.677474021911621,0.9907832564910729,0.9210306354165547,1,AI-GENERATED
EXT_REAL_0310,COCO_val2017,Real,0,original,2.550863027572632,0.9276314722081549,0.7924269922961579,1,AI-GENERATED
EXT_REAL_0311,COCO_val2017,Real,0,original,-5.159557819366455,0.005711431288448423,0.06240892661900415,0,REAL
EXT_REAL_0312,COCO_val2017,Real,0,original,-3.618196487426758,0.026129930212339458,0.1300925599738787,0,REAL
EXT_REAL_0313,COCO_val2017,Real,0,original,-2.069976568222046,0.11204936986434402,0.25216970384956633,0,REAL
EXT_REAL_0314,COCO_val2017,Real,0,original,-8.354208946228027,0.00023534822734177114,0.01228134908470187,0,REAL
EXT_REAL_0315,COCO_val2017,Real,0,original,3.570314407348633,0.9726235620086068,0.8670351547839078,1,AI-GENERATED
EXT_REAL_0316,COCO_val2017,Real,0,original,-0.8998818397521973,0.28907477994747055,0.38400481067014486,0,UNCERTAIN
EXT_REAL_0317,COCO_val2017,Real,0,original,-4.188161849975586,0.014947338440912361,0.09979854481956449,0,REAL
EXT_REAL_0318,COCO_val2017,Real,0,original,-2.3524625301361084,0.0868702363674633,0.2252333725795688,0,REAL
EXT_REAL_0319,COCO_val2017,Real,0,original,-4.869422912597656,0.007619295382089625,0.07194175611615486,0,REAL
EXT_REAL_0320,COCO_val2017,Real,0,original,-5.695122241973877,0.0033510587840800674,0.04784032442833503,0,REAL
EXT_REAL_0321,COCO_val2017,Real,0,original,-5.129722595214844,0.005883382934983993,0.06333205488401546,0,REAL
EXT_REAL_0322,COCO_val2017,Real,0,original,-3.0574498176574707,0.044896931091557346,0.1671923757778458,0,REAL
EXT_REAL_0323,COCO_val2017,Real,0,original,-1.2393920421600342,0.2245418273210981,0.34279079602230644,0,UNCERTAIN
EXT_REAL_0324,COCO_val2017,Real,0,original,-7.047667980194092,0.0008686788735689762,0.024099489856217127,0,REAL
EXT_REAL_0325,COCO_val2017,Real,0,original,0.9260317087173462,0.7162695121723639,0.6192384288370332,1,UNCERTAIN
EXT_REAL_0326,COCO_val2017,Real,0,original,9.441954612731934,0.9999206810851282,0.9930259397497553,1,AI-GENERATED
EXT_REAL_0327,COCO_val2017,Real,0,original,2.1164634227752686,0.8924930685093058,0.7524062177747914,1,AI-GENERATED
EXT_REAL_0328,COCO_val2017,Real,0,original,-6.564292907714844,0.0014078356761699734,0.030848895916045404,0,REAL
EXT_REAL_0329,COCO_val2017,Real,0,original,-6.263817310333252,0.0019003456962269167,0.03593243183739043,0,REAL
EXT_REAL_0330,COCO_val2017,Real,0,original,1.4233417510986328,0.8058617630617044,0.6786305594268082,1,UNCERTAIN
EXT_REAL_0331,COCO_val2017,Real,0,original,-0.9613227844238281,0.27661342957824653,0.3764014515486328,0,UNCERTAIN
EXT_REAL_0332,COCO_val2017,Real,0,original,-0.04173245280981064,0.4895684007243076,0.49452114091466515,1,UNCERTAIN
EXT_REAL_0333,COCO_val2017,Real,0,original,-3.6781420707702637,0.024647052809042547,0.12657118196695077,0,REAL
EXT_REAL_0334,COCO_val2017,Real,0,original,-0.44417548179626465,0.39074648650963495,0.4419469331171441,1,UNCERTAIN
EXT_REAL_0335,COCO_val2017,Real,0,original,-1.6395676136016846,0.16252390605672493,0.2971222721461244,0,UNCERTAIN
EXT_REAL_0336,COCO_val2017,Real,0,original,-1.2217755317687988,0.22762414090784525,0.3448780498899184,0,UNCERTAIN
EXT_REAL_0337,COCO_val2017,Real,0,original,-2.2717881202697754,0.0934865645274276,0.2327125292563306,0,REAL
EXT_REAL_0338,COCO_val2017,Real,0,original,-1.7449902296066284,0.14868019126126292,0.2856913350255511,0,UNCERTAIN
EXT_REAL_0339,COCO_val2017,Real,0,original,-4.806365489959717,0.008111197518888264,0.07418432675540307,0,REAL
EXT_REAL_0340,COCO_val2017,Real,0,original,-6.41022253036499,0.0016419580147309526,0.03336196550899646,0,REAL
EXT_REAL_0341,COCO_val2017,Real,0,original,1.7961620092391968,0.8576810965124858,0.7197610572317137,1,UNCERTAIN
EXT_REAL_0342,COCO_val2017,Real,0,original,-3.094892978668213,0.04331840679822696,0.16447230321594594,0,REAL
EXT_REAL_0343,COCO_val2017,Real,0,original,-6.537142753601074,0.00144652619132792,0.0312780413329268,0,REAL
EXT_REAL_0344,COCO_val2017,Real,0,original,-0.6101332902908325,0.3520287932016466,0.4205736278242498,0,UNCERTAIN
EXT_REAL_0345,COCO_val2017,Real,0,original,-4.923163890838623,0.007223514861554353,0.07008004759700784,0,REAL
EXT_REAL_0346,COCO_val2017,Real,0,original,2.5269412994384766,0.9260090554847191,0.7903529913249506,1,AI-GENERATED
EXT_REAL_0347,COCO_val2017,Real,0,original,0.7629098892211914,0.6819851685675206,0.5988441944357842,1,UNCERTAIN
EXT_REAL_0348,COCO_val2017,Real,0,original,6.568874835968018,0.9985985911510852,0.9692229633524174,1,AI-GENERATED
EXT_REAL_0349,COCO_val2017,Real,0,original,-5.141965389251709,0.005812209109582546,0.06295172163482547,0,REAL
EXT_REAL_0350,COCO_val2017,Real,0,original,-3.593865156173706,0.02675628431085398,0.13154546308511447,0,REAL
EXT_REAL_0351,COCO_val2017,Real,0,original,-2.8981380462646484,0.05224568288602085,0.17916822372206756,0,REAL
EXT_REAL_0352,COCO_val2017,Real,0,original,-10.734481811523438,2.1780323400017786e-05,0.0035496658097295608,0,REAL
EXT_REAL_0353,COCO_val2017,Real,0,original,-3.1548755168914795,0.04089959850350323,0.16018908286516342,0,REAL
EXT_REAL_0354,COCO_val2017,Real,0,original,-2.3551230430603027,0.08665942621022979,0.22498964995498977,0,REAL
EXT_REAL_0355,COCO_val2017,Real,0,original,-0.12662452459335327,0.46838609840415596,0.4833815148707823,1,UNCERTAIN
EXT_REAL_0356,COCO_val2017,Real,0,original,-0.1521066129207611,0.4620464942610789,0.48004044515392236,1,UNCERTAIN
EXT_REAL_0357,COCO_val2017,Real,0,original,-6.710883617401123,0.001216107050320838,0.028628576884158017,0,REAL
EXT_REAL_0358,COCO_val2017,Real,0,original,-3.3637099266052246,0.033449072665625995,0.14597889444367182,0,REAL
EXT_REAL_0359,COCO_val2017,Real,0,original,1.3016287088394165,0.7861089644627572,0.6645342175259937,1,UNCERTAIN
EXT_REAL_0360,COCO_val2017,Real,0,original,-3.0003790855407715,0.04740875029696265,0.17140729324543202,0,REAL
EXT_REAL_0361,COCO_val2017,Real,0,original,-5.856881618499756,0.0028519917051062194,0.0441160103673292,0,REAL
EXT_REAL_0362,COCO_val2017,Real,0,original,-0.4278685748577118,0.394635410898377,0.4440600529182765,1,UNCERTAIN
EXT_REAL_0363,COCO_val2017,Real,0,original,-2.8898725509643555,0.05265647571138731,0.17980749056894435,0,REAL
EXT_REAL_0364,COCO_val2017,Real,0,original,-6.067230701446533,0.002312223640790815,0.039685261401374655,0,REAL
EXT_REAL_0365,COCO_val2017,Real,0,original,-0.5014210343360901,0.37720677861339225,0.4345459225933671,1,UNCERTAIN
EXT_REAL_0366,COCO_val2017,Real,0,original,-5.292313098907471,0.00500493625876566,0.05845176721086888,0,REAL
EXT_REAL_0367,COCO_val2017,Real,0,original,-8.397052764892578,0.00022548018585151364,0.01201138677315482,0,REAL
EXT_REAL_0368,COCO_val2017,Real,0,original,-1.2823656797409058,0.21714780162743846,0.3377247163141958,0,UNCERTAIN
EXT_REAL_0369,COCO_val2017,Real,0,original,-2.512251138687134,0.07500378000445283,0.21092816363476755,0,REAL
EXT_REAL_0370,COCO_val2017,Real,0,original,-2.3365824222564697,0.08813819872196282,0.22669200033246034,0,REAL
EXT_REAL_0371,COCO_val2017,Real,0,original,-0.17238053679466248,0.4570112641529902,0.4773835010735575,1,UNCERTAIN
EXT_REAL_0372,COCO_val2017,Real,0,original,0.44753462076187134,0.6100529083120785,0.5584881002829402,1,UNCERTAIN
EXT_REAL_0373,COCO_val2017,Real,0,original,-0.8454645276069641,0.3003851409942972,0.3907867991409281,0,UNCERTAIN
EXT_REAL_0374,COCO_val2017,Real,0,original,-2.612227439880371,0.06835561693231881,0.2023221587626233,0,REAL
EXT_REAL_0375,COCO_val2017,Real,0,original,1.2469266653060913,0.7767673988630853,0.6581000800179115,1,UNCERTAIN
EXT_REAL_0376,COCO_val2017,Real,0,original,-2.7879931926727295,0.057976460266660874,0.1878335522158878,0,REAL
EXT_REAL_0377,COCO_val2017,Real,0,original,-2.042111396789551,0.11485191083044446,0.2549393316549185,0,REAL
EXT_REAL_0378,COCO_val2017,Real,0,original,0.37722986936569214,0.5932048077517929,0.5493653869746956,1,UNCERTAIN
EXT_REAL_0379,COCO_val2017,Real,0,original,-2.676442861557007,0.06437780287775388,0.1969341892509538,0,REAL
EXT_REAL_0380,COCO_val2017,Real,0,original,0.10590646415948868,0.5264518965595798,0.5139009390393159,1,UNCERTAIN
EXT_REAL_0381,COCO_val2017,Real,0,original,-8.09687614440918,0.0003043961478672697,0.014033506065735465,0,REAL
EXT_REAL_0382,COCO_val2017,Real,0,original,-1.2639087438583374,0.22030175764574916,0.3398960913053305,0,UNCERTAIN
EXT_REAL_0383,COCO_val2017,Real,0,original,0.12879765033721924,0.5321549737405592,0.5169034754741605,1,UNCERTAIN
EXT_REAL_0384,COCO_val2017,Real,0,original,-8.865042686462402,0.00014122108490649974,0.009418775568633528,0,REAL
EXT_REAL_0385,COCO_val2017,Real,0,original,-6.292208194732666,0.001847250146202524,0.035419494867809265,0,REAL
EXT_REAL_0386,COCO_val2017,Real,0,original,-5.687271595001221,0.0033773810999176168,0.04802847809738658,0,REAL
EXT_REAL_0387,COCO_val2017,Real,0,original,-6.432428359985352,0.0016059567282189402,0.03298792875095552,0,REAL
EXT_REAL_0388,COCO_val2017,Real,0,original,-6.8459086418151855,0.001062668718843243,0.026721193715243133,0,REAL
EXT_REAL_0389,COCO_val2017,Real,0,original,-5.844616889953613,0.0028870843833276086,0.04438842382407176,0,REAL
EXT_REAL_0390,COCO_val2017,Real,0,original,-0.7164963483810425,0.3281649769828635,0.4070251726527948,0,UNCERTAIN
EXT_REAL_0391,COCO_val2017,Real,0,original,-4.939464092254639,0.007107554646542666,0.06952423484057775,0,REAL
EXT_REAL_0392,COCO_val2017,Real,0,original,1.2437782287597656,0.7762209848884806,0.6577279515232379,1,UNCERTAIN
EXT_REAL_0393,COCO_val2017,Real,0,original,-2.7616143226623535,0.05943405846567402,0.18995603023642302,0,REAL
EXT_REAL_0394,COCO_val2017,Real,0,original,0.42178091406822205,0.6039093283228307,0.5551505583305544,1,UNCERTAIN
EXT_REAL_0395,COCO_val2017,Real,0,original,-2.6749515533447266,0.0644676876714706,0.197058079273432,0,REAL
EXT_REAL_0396,COCO_val2017,Real,0,original,-4.130475044250488,0.015820915534805188,0.10255339498993349,0,REAL
EXT_REAL_0397,COCO_val2017,Real,0,original,-0.1718730330467224,0.4571372049520488,0.4774499956133545,1,UNCERTAIN
EXT_REAL_0398,COCO_val2017,Real,0,original,-1.4055222272872925,0.19694127945029166,0.3234137710298593,0,UNCERTAIN
EXT_REAL_0399,COCO_val2017,Real,0,original,-6.684158802032471,0.001249004322581214,0.029021465001360793,0,REAL
EXT_REAL_0400,COCO_val2017,Real,0,original,1.6122336387634277,0.8337212668854923,0.6998711633888676,1,UNCERTAIN
