threshold,tpr,fpr,specificity,youden_j,precision,f1
0.8305365646686346,0.0043859649122807015,0.0,1.0,0.0043859649122807015,1.0,0.008733624454148471
0.791888651623172,0.0043859649122807015,0.008771929824561403,0.9912280701754386,-0.0043859649122807015,0.3333333333333333,0.008658008658008658
0.7496927835775771,0.03070175438596491,0.008771929824561403,0.9912280701754386,0.021929824561403508,0.7777777777777778,0.05907172995780591
0.7493250420810056,0.03070175438596491,0.013157894736842105,0.9868421052631579,0.017543859649122806,0.7,0.058823529411764705
0.720263285234536,0.07017543859649122,0.013157894736842105,0.9868421052631579,0.05701754385964912,0.8421052631578947,0.12955465587044535
0.7122096790187679,0.07017543859649122,0.017543859649122806,0.9824561403508771,0.05263157894736842,0.8,0.12903225806451613
0.6948430962047599,0.10964912280701754,0.017543859649122806,0.9824561403508771,0.09210526315789473,0.8620689655172413,0.19455252918287938
0.6940910589707958,0.10964912280701754,0.021929824561403508,0.9780701754385965,0.08771929824561403,0.8333333333333334,0.1937984496124031
0.6834889827218593,0.14912280701754385,0.021929824561403508,0.9780701754385965,0.12719298245614036,0.8717948717948718,0.2546816479400749
0.6832834390483308,0.14912280701754385,0.02631578947368421,0.9736842105263158,0.12280701754385964,0.85,0.2537313432835821
0.6787299665224232,0.17543859649122806,0.02631578947368421,0.9736842105263158,0.14912280701754385,0.8695652173913043,0.291970802919708
0.6780638704866342,0.17543859649122806,0.03070175438596491,0.9692982456140351,0.14473684210526316,0.851063829787234,0.2909090909090909
0.6764883632328224,0.17982456140350878,0.03070175438596491,0.9692982456140351,0.14912280701754388,0.8541666666666666,0.2971014492753623
0.6758478694273309,0.17982456140350878,0.03508771929824561,0.9649122807017544,0.14473684210526316,0.8367346938775511,0.296028880866426
0.6694130987756777,0.20614035087719298,0.03508771929824561,0.9649122807017544,0.17105263157894737,0.8545454545454545,0.3321554770318021
0.6689934273782776,0.20614035087719298,0.043859649122807015,0.956140350877193,0.16228070175438597,0.8245614035087719,0.3298245614035088
0.6682775780210806,0.21052631578947367,0.043859649122807015,0.956140350877193,0.16666666666666666,0.8275862068965517,0.3356643356643357
0.6667749622003153,0.21052631578947367,0.05701754385964912,0.9429824561403509,0.15350877192982454,0.7868852459016393,0.33217993079584773
0.6623001688874945,0.22807017543859648,0.05701754385964912,0.9429824561403509,0.17105263157894735,0.8,0.35494880546075086
0.6621245078365771,0.22807017543859648,0.06140350877192982,0.9385964912280702,0.16666666666666666,0.7878787878787878,0.35374149659863946
0.6527746285267879,0.29385964912280704,0.06140350877192982,0.9385964912280702,0.23245614035087722,0.8271604938271605,0.4336569579288026
0.6516227019110048,0.29385964912280704,0.06578947368421052,0.9342105263157895,0.22807017543859653,0.8170731707317073,0.432258064516129
0.650771246098146,0.2982456140350877,0.06578947368421052,0.9342105263157895,0.2324561403508772,0.8192771084337349,0.43729903536977494
0.6502455698047126,0.2982456140350877,0.07017543859649122,0.9298245614035088,0.22807017543859648,0.8095238095238095,0.4358974358974359
0.648368088828748,0.3157894736842105,0.07017543859649122,0.9298245614035088,0.24561403508771928,0.8181818181818182,0.45569620253164556
0.6482919829380364,0.3157894736842105,0.07456140350877193,0.9254385964912281,0.24122807017543857,0.8089887640449438,0.45425867507886436
0.6361189227159129,0.37719298245614036,0.07456140350877193,0.9254385964912281,0.3026315789473684,0.8349514563106796,0.5196374622356495
0.6325355995942163,0.37719298245614036,0.08771929824561403,0.9122807017543859,0.2894736842105263,0.8113207547169812,0.5149700598802395
0.6309229031866516,0.3815789473684211,0.08771929824561403,0.9122807017543859,0.29385964912280704,0.8130841121495327,0.5194029850746269
0.6308771025979479,0.3815789473684211,0.09210526315789473,0.9078947368421053,0.2894736842105263,0.8055555555555556,0.5178571428571429
0.6280720418887973,0.3991228070175439,0.09210526315789473,0.9078947368421053,0.30701754385964913,0.8125,0.5352941176470588
0.6260633194525732,0.3991228070175439,0.10526315789473684,0.8947368421052632,0.29385964912280704,0.7913043478260869,0.5306122448979592
0.6257271704975466,0.40350877192982454,0.10526315789473684,0.8947368421052632,0.2982456140350877,0.7931034482758621,0.5348837209302325
0.6254462790592266,0.40350877192982454,0.10964912280701754,0.8903508771929824,0.293859649122807,0.7863247863247863,0.5333333333333333
0.6232228247449307,0.4298245614035088,0.10964912280701754,0.8903508771929824,0.3201754385964912,0.7967479674796748,0.5584045584045584
0.6220376589139557,0.4298245614035088,0.11842105263157894,0.881578947368421,0.31140350877192985,0.784,0.5552407932011332
0.6215804118789506,0.43859649122807015,0.11842105263157894,0.881578947368421,0.3201754385964912,0.7874015748031497,0.5633802816901409
0.6212643523052253,0.43859649122807015,0.12280701754385964,0.8771929824561404,0.3157894736842105,0.78125,0.5617977528089888
0.6209045695563072,0.4473684210526316,0.12280701754385964,0.8771929824561404,0.32456140350877194,0.7846153846153846,0.5698324022346368
0.6178151844405068,0.4473684210526316,0.13157894736842105,0.868421052631579,0.3157894736842105,0.7727272727272727,0.5666666666666667
0.6176523601635638,0.4517543859649123,0.13157894736842105,0.868421052631579,0.3201754385964912,0.7744360902255639,0.5706371191135734
0.6169346388783855,0.4517543859649123,0.13596491228070176,0.8640350877192983,0.3157894736842105,0.7686567164179104,0.569060773480663
0.616370313551802,0.4605263157894737,0.13596491228070176,0.8640350877192983,0.32456140350877194,0.7720588235294118,0.5769230769230769
0.6159774544968204,0.4605263157894737,0.14473684210526316,0.8552631578947368,0.3157894736842105,0.7608695652173914,0.5737704918032787
0.613484462536726,0.4649122807017544,0.14473684210526316,0.8552631578947368,0.3201754385964912,0.762589928057554,0.5776566757493188
0.6125857942272818,0.4649122807017544,0.14912280701754385,0.8508771929824561,0.3157894736842105,0.7571428571428571,0.5760869565217391
0.6119331775319935,0.4692982456140351,0.14912280701754385,0.8508771929824561,0.3201754385964912,0.7588652482269503,0.5799457994579946
0.6108258444987463,0.4692982456140351,0.15350877192982457,0.8464912280701754,0.3157894736842105,0.7535211267605634,0.5783783783783784
0.6092183869659589,0.4824561403508772,0.15350877192982457,0.8464912280701754,0.32894736842105265,0.7586206896551724,0.5898123324396782
0.6090421485245989,0.4824561403508772,0.15789473684210525,0.8421052631578947,0.32456140350877194,0.7534246575342466,0.5882352941176471
0.6084579174805415,0.4868421052631579,0.15789473684210525,0.8421052631578947,0.32894736842105265,0.7551020408163265,0.592
0.6080149230376419,0.4868421052631579,0.16228070175438597,0.8377192982456141,0.32456140350877194,0.75,0.5904255319148937
0.6074192642804334,0.5,0.16228070175438597,0.8377192982456141,0.33771929824561403,0.7549668874172185,0.6015831134564644
0.6068597080729513,0.5,0.16666666666666666,0.8333333333333334,0.33333333333333337,0.75,0.6
0.6032244663491343,0.5175438596491229,0.16666666666666666,0.8333333333333334,0.35087719298245623,0.7564102564102564,0.6145833333333334
0.6030046291791088,0.5175438596491229,0.17543859649122806,0.8245614035087719,0.3421052631578948,0.7468354430379747,0.6113989637305699
0.6029760365700121,0.5219298245614035,0.17543859649122806,0.8245614035087719,0.3464912280701754,0.7484276729559748,0.6149870801033591
0.6026535333602567,0.5219298245614035,0.17982456140350878,0.8201754385964912,0.3421052631578947,0.74375,0.6134020618556701
0.5985412583055449,0.5526315789473685,0.17982456140350878,0.8201754385964912,0.3728070175438597,0.7544910179640718,0.6379746835443038
0.598136738147808,0.5526315789473685,0.18421052631578946,0.8157894736842105,0.368421052631579,0.75,0.6363636363636364
0.597338356237429,0.5657894736842105,0.18421052631578946,0.8157894736842105,0.381578947368421,0.7543859649122807,0.6466165413533834
0.5943787180633937,0.5657894736842105,0.19736842105263158,0.8026315789473684,0.3684210526315789,0.7413793103448276,0.6417910447761194
0.5930240616085365,0.5745614035087719,0.19736842105263158,0.8026315789473684,0.37719298245614036,0.7443181818181818,0.6485148514851485
0.5918133067492899,0.5745614035087719,0.21052631578947367,0.7894736842105263,0.36403508771929827,0.7318435754189944,0.6437346437346437
0.5900053083590213,0.5833333333333334,0.21052631578947367,0.7894736842105263,0.3728070175438597,0.7348066298342542,0.6503667481662592
0.5895540680540126,0.5833333333333334,0.21929824561403508,0.7807017543859649,0.36403508771929827,0.726775956284153,0.6472019464720195
0.5870236624362878,0.5921052631578947,0.21929824561403508,0.7807017543859649,0.3728070175438596,0.7297297297297297,0.6537530266343826
0.5862190059090455,0.5921052631578947,0.2236842105263158,0.7763157894736842,0.36842105263157887,0.7258064516129032,0.6521739130434783
0.5843215253130883,0.6008771929824561,0.2236842105263158,0.7763157894736842,0.3771929824561403,0.7287234042553191,0.6586538461538461
0.5842576451216468,0.6008771929824561,0.2324561403508772,0.7675438596491229,0.3684210526315789,0.7210526315789474,0.6555023923444976
0.5784033740562147,0.631578947368421,0.2324561403508772,0.7675438596491229,0.3991228070175438,0.7309644670050761,0.6776470588235294
0.5765577140105194,0.631578947368421,0.2412280701754386,0.7587719298245614,0.39035087719298245,0.7236180904522613,0.6744730679156908
0.5738488274924379,0.6491228070175439,0.2412280701754386,0.7587719298245614,0.4078947368421053,0.729064039408867,0.6867749419953596
0.5720518733624718,0.6491228070175439,0.2543859649122807,0.7456140350877193,0.39473684210526316,0.7184466019417476,0.6820276497695853
0.5671516607338236,0.6666666666666666,0.2543859649122807,0.7456140350877193,0.4122807017543859,0.7238095238095238,0.6940639269406392
0.5655194320476407,0.6666666666666666,0.25877192982456143,0.7412280701754386,0.4078947368421052,0.7203791469194313,0.6924829157175398
0.5643948751546696,0.6710526315789473,0.25877192982456143,0.7412280701754386,0.4122807017543859,0.7216981132075472,0.6954545454545454
0.5626136930360817,0.6710526315789473,0.2719298245614035,0.7280701754385965,0.3991228070175438,0.7116279069767442,0.690744920993228
0.562319755305883,0.6798245614035088,0.2719298245614035,0.7280701754385965,0.40789473684210525,0.7142857142857143,0.6966292134831461
0.5614086516176019,0.6798245614035088,0.27631578947368424,0.7236842105263157,0.40350877192982454,0.7110091743119266,0.695067264573991
0.5612524164247557,0.6842105263157895,0.27631578947368424,0.7236842105263157,0.40789473684210525,0.7123287671232876,0.697986577181208
0.5597757709209528,0.6842105263157895,0.2894736842105263,0.7105263157894737,0.39473684210526316,0.7027027027027027,0.6933333333333334
0.5588532583637058,0.6929824561403509,0.2894736842105263,0.7105263157894737,0.4035087719298246,0.7053571428571429,0.6991150442477876
0.5567117380813629,0.6929824561403509,0.3026315789473684,0.6973684210526316,0.3903508771929825,0.6960352422907489,0.6945054945054945
0.5561890894921464,0.6973684210526315,0.3026315789473684,0.6973684210526316,0.3947368421052631,0.6973684210526315,0.6973684210526315
0.5561487311268266,0.6973684210526315,0.30701754385964913,0.6929824561403508,0.3903508771929824,0.6943231441048034,0.6958424507658644
0.5547117264374162,0.7017543859649122,0.30701754385964913,0.6929824561403508,0.3947368421052631,0.6956521739130435,0.6986899563318777
0.5517504241758976,0.7017543859649122,0.31140350877192985,0.6885964912280702,0.3903508771929824,0.6926406926406926,0.6971677559912854
0.5514565162242215,0.706140350877193,0.31140350877192985,0.6885964912280702,0.3947368421052631,0.6939655172413793,0.7
0.5507487483720923,0.706140350877193,0.3157894736842105,0.6842105263157895,0.39035087719298245,0.6909871244635193,0.6984815618221258
0.5507055753240788,0.7105263157894737,0.3157894736842105,0.6842105263157895,0.39473684210526316,0.6923076923076923,0.7012987012987013
0.5506835295719782,0.7105263157894737,0.3201754385964912,0.6798245614035088,0.39035087719298245,0.6893617021276596,0.6997840172786177
0.5501418587978748,0.7149122807017544,0.3201754385964912,0.6798245614035088,0.39473684210526316,0.690677966101695,0.7025862068965517
0.5501410386770119,0.7149122807017544,0.32456140350877194,0.6754385964912281,0.39035087719298245,0.6877637130801688,0.7010752688172043
0.5492539251332356,0.7192982456140351,0.32456140350877194,0.6754385964912281,0.39473684210526316,0.6890756302521008,0.703862660944206
0.5490775625367434,0.7192982456140351,0.32894736842105265,0.6710526315789473,0.39035087719298245,0.6861924686192469,0.702355460385439
0.5476322327518698,0.7236842105263158,0.32894736842105265,0.6710526315789473,0.39473684210526316,0.6875,0.7051282051282052
0.5446095536466133,0.7236842105263158,0.33771929824561403,0.6622807017543859,0.3859649122807018,0.6818181818181818,0.7021276595744681
0.5416777528509391,0.7324561403508771,0.33771929824561403,0.6622807017543859,0.3947368421052631,0.6844262295081968,0.7076271186440678
0.5377824992655877,0.7324561403508771,0.35526315789473684,0.6447368421052632,0.3771929824561403,0.6733870967741935,0.7016806722689075
0.5376242939070092,0.7368421052631579,0.35526315789473684,0.6447368421052632,0.381578947368421,0.6746987951807228,0.7044025157232704
0.5375720167956383,0.7368421052631579,0.35964912280701755,0.6403508771929824,0.3771929824561403,0.672,0.702928870292887
0.5347379466355333,0.7412280701754386,0.35964912280701755,0.6403508771929824,0.381578947368421,0.6733067729083665,0.7056367432150313
0.5317154619892179,0.7412280701754386,0.37719298245614036,0.6228070175438596,0.3640350877192982,0.6627450980392157,0.6997929606625258
0.528089230456646,0.7456140350877193,0.37719298245614036,0.6228070175438596,0.3684210526315789,0.6640625,0.7024793388429752
0.527355034691019,0.7456140350877193,0.3815789473684211,0.618421052631579,0.3640350877192982,0.6614785992217899,0.7010309278350515
0.5264160368336366,0.75,0.3815789473684211,0.618421052631579,0.3684210526315789,0.6627906976744186,0.7037037037037037
0.5181101429083417,0.75,0.42105263157894735,0.5789473684210527,0.32894736842105265,0.6404494382022472,0.6909090909090909
0.5172333116039546,0.7543859649122807,0.42105263157894735,0.5789473684210527,0.33333333333333337,0.6417910447761194,0.6935483870967742
0.5167272399740478,0.7543859649122807,0.4298245614035088,0.5701754385964912,0.32456140350877194,0.6370370370370371,0.6907630522088354
0.5156950166005482,0.7587719298245614,0.4298245614035088,0.5701754385964912,0.32894736842105265,0.6383763837638377,0.6933867735470942
0.5136224824661264,0.7587719298245614,0.44298245614035087,0.5570175438596492,0.31578947368421056,0.6313868613138686,0.6892430278884463
0.5096289672346956,0.7631578947368421,0.44298245614035087,0.5570175438596492,0.3201754385964913,0.6327272727272727,0.6918489065606361
0.5079537720256592,0.7631578947368421,0.4517543859649123,0.5482456140350878,0.31140350877192985,0.628158844765343,0.689108910891089
0.5078564927478589,0.7675438596491229,0.4517543859649123,0.5482456140350878,0.31578947368421056,0.6294964028776978,0.691699604743083
0.5035247877525476,0.7675438596491229,0.4605263157894737,0.5394736842105263,0.3070175438596492,0.625,0.6889763779527559
0.501371369405526,0.7763157894736842,0.4605263157894737,0.5394736842105263,0.3157894736842105,0.6276595744680851,0.6941176470588235
0.5002345462184878,0.7763157894736842,0.4692982456140351,0.5307017543859649,0.3070175438596491,0.6232394366197183,0.69140625
0.49983936166787496,0.7807017543859649,0.4692982456140351,0.5307017543859649,0.3114035087719298,0.624561403508772,0.6939571150097466
0.498545180954495,0.7807017543859649,0.4780701754385965,0.5219298245614035,0.3026315789473684,0.6202090592334495,0.6912621359223301
0.49108296337203455,0.793859649122807,0.4780701754385965,0.5219298245614035,0.31578947368421056,0.6241379310344828,0.6988416988416989
0.4888368731303002,0.793859649122807,0.4824561403508772,0.5175438596491229,0.31140350877192985,0.6219931271477663,0.697495183044316
0.4856847522514637,0.7982456140350878,0.4824561403508772,0.5175438596491229,0.31578947368421056,0.6232876712328768,0.7
0.4596080104187639,0.7982456140350878,0.5394736842105263,0.4605263157894737,0.25877192982456143,0.5967213114754099,0.6829268292682927
0.45863020086456346,0.8026315789473685,0.5394736842105263,0.4605263157894737,0.26315789473684215,0.5980392156862745,0.6853932584269663
0.4553989040994292,0.8026315789473685,0.5614035087719298,0.4385964912280702,0.24122807017543868,0.5884244372990354,0.6790352504638218
0.4488704759107363,0.8114035087719298,0.5614035087719298,0.4385964912280702,0.25,0.5910543130990416,0.6839186691312384
0.4466732596118392,0.8114035087719298,0.5657894736842105,0.4342105263157895,0.24561403508771928,0.589171974522293,0.6826568265682657
0.4457937050687699,0.8157894736842105,0.5657894736842105,0.4342105263157895,0.25,0.5904761904761905,0.6850828729281768
0.43999609486380453,0.8157894736842105,0.5877192982456141,0.4122807017543859,0.22807017543859642,0.58125,0.6788321167883211
0.4361244843829515,0.8201754385964912,0.5877192982456141,0.4122807017543859,0.23245614035087714,0.5825545171339563,0.6812386156648452
0.43024134527615865,0.8201754385964912,0.5964912280701754,0.4035087719298246,0.22368421052631582,0.5789473684210527,0.6787658802177858
0.429069637719013,0.8245614035087719,0.5964912280701754,0.4035087719298246,0.22807017543859653,0.5802469135802469,0.6811594202898551
0.42476382421166803,0.8245614035087719,0.6008771929824561,0.3991228070175439,0.22368421052631582,0.5784615384615385,0.6799276672694394
0.41525239319056356,0.8421052631578947,0.6008771929824561,0.3991228070175439,0.24122807017543857,0.5835866261398176,0.6894075403949731
0.4146899106584567,0.8421052631578947,0.6052631578947368,0.39473684210526316,0.23684210526315785,0.5818181818181818,0.6881720430107527
0.4138602107619851,0.8464912280701754,0.6052631578947368,0.39473684210526316,0.24122807017543857,0.5830815709969789,0.6905187835420393
0.4086041684955197,0.8464912280701754,0.6228070175438597,0.3771929824561403,0.2236842105263157,0.5761194029850746,0.6856127886323268
0.4075664649867828,0.8508771929824561,0.6228070175438597,0.3771929824561403,0.22807017543859642,0.5773809523809523,0.6879432624113475
0.4051025516544688,0.8508771929824561,0.6535087719298246,0.3464912280701754,0.19736842105263153,0.565597667638484,0.6795096322241682
0.4029068598123483,0.8596491228070176,0.6535087719298246,0.3464912280701754,0.20614035087719296,0.5681159420289855,0.6841186736474695
0.385641497878915,0.8596491228070176,0.6929824561403509,0.3070175438596491,0.16666666666666663,0.5536723163841808,0.6735395189003437
0.3835969586074972,0.8640350877192983,0.6929824561403509,0.3070175438596491,0.17105263157894735,0.5549295774647888,0.6758147512864494
0.3793888664405365,0.8640350877192983,0.7017543859649122,0.29824561403508776,0.16228070175438603,0.5518207282913166,0.6735042735042736
0.3778991613625731,0.8728070175438597,0.7017543859649122,0.29824561403508776,0.17105263157894746,0.5543175487465181,0.6780238500851788
0.37783319195881815,0.8728070175438597,0.706140350877193,0.29385964912280704,0.16666666666666674,0.5527777777777778,0.6768707482993197
0.3756204170228394,0.881578947368421,0.706140350877193,0.29385964912280704,0.17543859649122806,0.5552486187845304,0.6813559322033899
0.372035066837051,0.881578947368421,0.7105263157894737,0.2894736842105263,0.17105263157894735,0.5537190082644629,0.6802030456852792
0.3702719090108006,0.8859649122807017,0.7105263157894737,0.2894736842105263,0.17543859649122806,0.554945054945055,0.6824324324324325
0.3692138161639782,0.8859649122807017,0.7149122807017544,0.2850877192982456,0.17105263157894735,0.5534246575342465,0.6812816188870152
0.36261506598774595,0.8903508771929824,0.7149122807017544,0.2850877192982456,0.17543859649122806,0.5546448087431693,0.6835016835016835
0.35294548093807704,0.8903508771929824,0.7412280701754386,0.25877192982456143,0.14912280701754388,0.5456989247311828,0.6766666666666666
0.35184043380429136,0.8947368421052632,0.7412280701754386,0.25877192982456143,0.1535087719298246,0.546916890080429,0.6788685524126455
0.343394320652442,0.8947368421052632,0.75,0.25,0.14473684210526316,0.544,0.6766169154228856
0.329171939419116,0.9078947368421053,0.75,0.25,0.1578947368421053,0.5476190476190477,0.6831683168316832
0.32476627135449554,0.9078947368421053,0.7587719298245614,0.24122807017543857,0.14912280701754388,0.5447368421052632,0.680921052631579
0.32326825908821716,0.9122807017543859,0.7587719298245614,0.24122807017543857,0.15350877192982448,0.5459317585301837,0.6830870279146142
0.308909697305521,0.9122807017543859,0.7719298245614035,0.22807017543859653,0.14035087719298245,0.5416666666666666,0.6797385620915033
0.30369175919373076,0.9166666666666666,0.7719298245614035,0.22807017543859653,0.14473684210526316,0.5428571428571428,0.6818923327895595
0.3006853939944822,0.9166666666666666,0.7763157894736842,0.22368421052631582,0.14035087719298245,0.5414507772020726,0.6807817589576547
0.2963176754263237,0.9254385964912281,0.7763157894736842,0.22368421052631582,0.14912280701754388,0.5438144329896907,0.685064935064935
0.29151205528118657,0.9254385964912281,0.7850877192982456,0.2149122807017544,0.14035087719298245,0.541025641025641,0.6828478964401294
0.28801942995114976,0.9298245614035088,0.7850877192982456,0.2149122807017544,0.14473684210526316,0.5421994884910486,0.6849757673667205
0.28566380688128773,0.9298245614035088,0.7894736842105263,0.21052631578947367,0.14035087719298245,0.5408163265306123,0.6838709677419355
0.27890375700577585,0.9342105263157895,0.7894736842105263,0.21052631578947367,0.14473684210526316,0.5419847328244275,0.6859903381642513
0.2741747019950452,0.9342105263157895,0.8026315789473685,0.19736842105263153,0.13157894736842102,0.5378787878787878,0.6826923076923077
0.25950839304615386,0.9429824561403509,0.8026315789473685,0.19736842105263153,0.14035087719298245,0.5402010050251256,0.6869009584664537
0.23546778785042835,0.9429824561403509,0.8289473684210527,0.17105263157894735,0.11403508771929827,0.5321782178217822,0.680379746835443
0.22503697936862568,0.9473684210526315,0.8289473684210527,0.17105263157894735,0.11842105263157887,0.5333333333333333,0.6824644549763034
0.21749650430088946,0.9473684210526315,0.8333333333333334,0.16666666666666663,0.11403508771929816,0.5320197044334976,0.6813880126182965
0.20441373135374175,0.9605263157894737,0.8333333333333334,0.16666666666666663,0.1271929824561403,0.5354523227383863,0.6875981161695447
0.191781766652117,0.9605263157894737,0.8377192982456141,0.16228070175438591,0.12280701754385959,0.5341463414634147,0.6865203761755486
0.19013350711055896,0.9649122807017544,0.8377192982456141,0.16228070175438591,0.1271929824561403,0.5352798053527981,0.6885758998435054
0.1473898349677347,0.9649122807017544,0.868421052631579,0.13157894736842102,0.0964912280701754,0.5263157894736842,0.6811145510835913
0.14306079126879578,0.9692982456140351,0.868421052631579,0.13157894736842102,0.10087719298245612,0.5274463007159904,0.6831530139103554
0.13436738945309154,0.9692982456140351,0.8771929824561403,0.1228070175438597,0.0921052631578948,0.5249406175771971,0.6810477657935285
0.13271880050479784,0.9736842105263158,0.8771929824561403,0.1228070175438597,0.09649122807017552,0.5260663507109005,0.683076923076923
0.11583890603761222,0.9736842105263158,0.8991228070175439,0.10087719298245612,0.07456140350877194,0.5199063231850117,0.6778625954198473
0.11573607080371824,0.9780701754385965,0.8991228070175439,0.10087719298245612,0.07894736842105265,0.5210280373831776,0.6798780487804879
0.11218266439199906,0.9780701754385965,0.9078947368421053,0.09210526315789469,0.07017543859649122,0.5186046511627908,0.6778115501519757
0.105109691413393,0.9868421052631579,0.9078947368421053,0.09210526315789469,0.07894736842105254,0.5208333333333334,0.6818181818181818
0.07942103039365668,0.9868421052631579,0.9298245614035088,0.07017543859649122,0.05701754385964908,0.5148741418764302,0.6766917293233082
0.07772119036177585,0.9912280701754386,0.9298245614035088,0.07017543859649122,0.06140350877192979,0.5159817351598174,0.6786786786786787
0.06898788265535222,0.9912280701754386,0.9385964912280702,0.06140350877192979,0.05263157894736836,0.5136363636363637,0.6766467065868264
0.06729833234611621,0.9956140350877193,0.9385964912280702,0.06140350877192979,0.05701754385964908,0.5147392290249433,0.6786248131539612
0.06312047347086966,0.9956140350877193,0.9517543859649122,0.04824561403508776,0.04385964912280704,0.5112612612612613,0.6755952380952381
0.059537918549660424,1.0,0.9517543859649122,0.04824561403508776,0.04824561403508776,0.5123595505617977,0.6775631500742942
0.005027510464320945,1.0,1.0,0.0,0.0,0.5,0.6666666666666666
