model,split,condition,severity,num_samples,roc_auc,average_precision,accuracy,balanced_accuracy,precision,recall,specificity,f1,fpr,threshold,delta_auc,delta_ap,delta_balanced_accuracy,delta_recall,delta_f1
Handcrafted LogReg,known_test,original,reference,456,0.7246652816251153,0.7225392255405856,0.6864035087719298,0.6864035087719298,0.6905829596412556,0.6754385964912281,0.6973684210526315,0.6829268292682927,0.3026315789473684,0.5671516607338236,0.0,0.0,0.0,0.0,0.0
Handcrafted LogReg,known_test,jpeg_q75,mild,456,0.716682056017236,0.7109243826046507,0.6710526315789473,0.6710526315789473,0.6666666666666666,0.6842105263157895,0.6578947368421053,0.6753246753246753,0.34210526315789475,0.5671516607338236,-0.00798322560787934,-0.011614842935934844,-0.015350877192982448,0.00877192982456143,-0.007602153943617407
Handcrafted LogReg,known_test,jpeg_q50,strong,456,0.7062942443828871,0.6992034546044251,0.6600877192982456,0.6600877192982456,0.6502057613168725,0.6929824561403509,0.6271929824561403,0.6709129511677282,0.37280701754385964,0.5671516607338236,-0.018371037242228216,-0.02333577093616046,-0.02631578947368418,0.01754385964912286,-0.012013878100564535
Handcrafted LogReg,known_test,crop_90,mild,456,0.7049284395198523,0.6907816551586354,0.6578947368421053,0.6578947368421053,0.6374045801526718,0.7324561403508771,0.5833333333333334,0.6816326530612244,0.4166666666666667,0.5671516607338236,-0.019736842105263053,-0.03175757038195015,-0.028508771929824483,0.05701754385964908,-0.0012941762070682872
Handcrafted LogReg,known_test,crop_75,strong,456,0.6796899045860264,0.6525889093365339,0.6228070175438597,0.6228070175438596,0.5897435897435898,0.8070175438596491,0.43859649122807015,0.6814814814814815,0.5614035087719298,0.5671516607338236,-0.04497537703908894,-0.06995031620405168,-0.0635964912280702,0.13157894736842102,-0.0014453477868112685
Handcrafted LogReg,known_test,resize_160,mild,456,0.6719567559249,0.6503864656307615,0.5986842105263158,0.5986842105263157,0.5692307692307692,0.8114035087719298,0.38596491228070173,0.6690777576853526,0.6140350877192983,0.5671516607338236,-0.052708525700215336,-0.07215275990982406,-0.08771929824561409,0.13596491228070173,-0.013849071582940131
Handcrafted LogReg,known_test,resize_112,strong,456,0.6222106802092952,0.5985229220055595,0.5307017543859649,0.5307017543859649,0.5170731707317073,0.9298245614035088,0.13157894736842105,0.664576802507837,0.868421052631579,0.5671516607338236,-0.10245460141582019,-0.12401630353502613,-0.1557017543859649,0.2543859649122807,-0.018350026760455718
Handcrafted LogReg,known_test,blur_sigma1,mild,456,0.6060903354878424,0.5796397509212445,0.5241228070175439,0.5241228070175439,0.513126491646778,0.9429824561403509,0.10526315789473684,0.6646058732612056,0.8947368421052632,0.5671516607338236,-0.11857494613727293,-0.14289947461934105,-0.16228070175438591,0.26754385964912286,-0.018320956007087164
Handcrafted LogReg,known_test,blur_sigma2,strong,456,0.5750423207140658,0.559309408105206,0.5175438596491229,0.5175438596491229,0.5092165898617511,0.9692982456140351,0.06578947368421052,0.6676737160120846,0.9342105263157895,0.5671516607338236,-0.14962296091104954,-0.16322981743537957,-0.16885964912280693,0.29385964912280704,-0.01525311325620815
Handcrafted LogReg,unseen_test,original,reference,1712,0.6451955410952922,0.6141061961038217,0.5800233644859814,0.5800233644859814,0.6159052453468697,0.4252336448598131,0.7348130841121495,0.5031098825155494,0.2651869158878505,0.5671516607338236,0.0,0.0,0.0,0.0,0.0
Handcrafted LogReg,unseen_test,jpeg_q75,mild,1712,0.6444189994759367,0.6136792312513416,0.5829439252336449,0.5829439252336448,0.6095679012345679,0.4614485981308411,0.7044392523364486,0.5252659574468085,0.2955607476635514,0.5671516607338236,-0.0007765416193554753,-0.00042696485248006066,0.0029205607476634476,0.03621495327102803,0.02215607493125904
Handcrafted LogReg,unseen_test,jpeg_q50,strong,1712,0.6416649379858502,0.6107910734708937,0.584696261682243,0.584696261682243,0.6022566995768688,0.49883177570093457,0.6705607476635514,0.5456869009584665,0.3294392523364486,0.5671516607338236,-0.0035306031094419765,-0.0033151226329279915,0.004672897196261627,0.07359813084112149,0.04257701844291706
Handcrafted LogReg,unseen_test,crop_90,mild,1712,0.6515552668355314,0.6165760679070624,0.5969626168224299,0.5969626168224299,0.6045340050377834,0.5607476635514018,0.633177570093458,0.5818181818181818,0.36682242990654207,0.5671516607338236,0.0063597257402392415,0.002469871803240764,0.01693925233644855,0.13551401869158874,0.07870829930263235
Handcrafted LogReg,unseen_test,crop_75,strong,1712,0.6536133068390252,0.6133495430667228,0.6185747663551402,0.6185747663551402,0.5976900866217517,0.7254672897196262,0.5116822429906542,0.6554089709762533,0.4883177570093458,0.5671516607338236,0.008417765743732986,-0.00075665303709882,0.03855140186915884,0.3002336448598131,0.15229908846070384
Handcrafted LogReg,unseen_test,resize_160,mild,1712,0.6312792056074766,0.6055771236016978,0.6033878504672897,0.6033878504672897,0.5789473684210527,0.758177570093458,0.4485981308411215,0.6565503287809813,0.5514018691588785,0.5671516607338236,-0.013916335487815568,-0.008529072502123869,0.02336448598130836,0.3329439252336449,0.15344044626543185
Handcrafted LogReg,unseen_test,resize_112,strong,1712,0.6009135623198533,0.5852219516112724,0.554322429906542,0.554322429906542,0.531062124248497,0.9287383177570093,0.17990654205607476,0.6757331066723332,0.8200934579439252,0.5671516607338236,-0.044281978775438935,-0.028884244492549227,-0.02570093457943934,0.5035046728971962,0.17262322415678377
Handcrafted LogReg,unseen_test,blur_sigma1,mild,1712,0.5883114791684863,0.5740425131733125,0.5367990654205608,0.5367990654205608,0.5202312138728323,0.9462616822429907,0.12733644859813084,0.6713634479900539,0.8726635514018691,0.5671516607338236,-0.05688406192680595,-0.040063682930509215,-0.04322429906542058,0.5210280373831776,0.16825356547450443
Handcrafted LogReg,unseen_test,blur_sigma2,strong,1712,0.546817680583457,0.5425995349859805,0.5035046728971962,0.5035046728971962,0.5018564356435643,0.947429906542056,0.05957943925233645,0.6561488673139159,0.9404205607476636,0.5671516607338236,-0.09837786051183517,-0.07150666111784121,-0.0765186915887851,0.522196261682243,0.15303898479836642
SmallCNNV1,known_test,original,reference,456,0.8664012003693444,0.8673358064465055,0.7872807017543859,0.7872807017543859,0.8075117370892019,0.7543859649122807,0.8201754385964912,0.780045351473923,0.17982456140350878,0.5406003902614535,0.0,0.0,0.0,0.0,0.0
SmallCNNV1,known_test,jpeg_q75,mild,456,0.8478185595567866,0.8487237383545131,0.7807017543859649,0.7807017543859649,0.7666666666666667,0.8070175438596491,0.7543859649122807,0.7863247863247863,0.24561403508771928,0.5406003902614535,-0.018582640812557782,-0.01861206809199245,-0.006578947368421018,0.05263157894736836,0.006279434850863352
SmallCNNV1,known_test,jpeg_q50,strong,456,0.8349876885195445,0.8368917487546722,0.7719298245614035,0.7719298245614035,0.7440944881889764,0.8289473684210527,0.7149122807017544,0.7842323651452282,0.2850877192982456,0.5406003902614535,-0.0314135118497999,-0.030444057691833337,-0.015350877192982448,0.07456140350877194,0.004187013671305251
SmallCNNV1,known_test,crop_90,mild,456,0.8445867959372114,0.8502809276270047,0.7697368421052632,0.7697368421052632,0.7709251101321586,0.7675438596491229,0.7719298245614035,0.7692307692307693,0.22807017543859648,0.5406003902614535,-0.021814404432133006,-0.01705487881950085,-0.01754385964912275,0.013157894736842146,-0.010814582243153681
SmallCNNV1,known_test,crop_75,strong,456,0.8225607879347492,0.821861118066735,0.7258771929824561,0.7258771929824561,0.6928838951310862,0.8114035087719298,0.6403508771929824,0.7474747474747475,0.35964912280701755,0.5406003902614535,-0.043840412434595244,-0.045474688379770534,-0.06140350877192979,0.05701754385964908,-0.03257060399917544
SmallCNNV1,known_test,resize_160,mild,456,0.8232725453985843,0.8202157640486756,0.7105263157894737,0.7105263157894737,0.6610738255033557,0.8640350877192983,0.5570175438596491,0.7490494296577946,0.44298245614035087,0.5406003902614535,-0.04312865497076013,-0.047120042397829964,-0.07675438596491224,0.10964912280701755,-0.030995921816128313
SmallCNNV1,known_test,resize_112,strong,456,0.6554132040627886,0.645721298454826,0.5131578947368421,0.5131578947368421,0.5066964285714286,0.9956140350877193,0.03070175438596491,0.6715976331360947,0.9692982456140351,0.5406003902614535,-0.21098799630655585,-0.2216145079916796,-0.27412280701754377,0.24122807017543857,-0.10844771833782829
SmallCNNV1,known_test,blur_sigma1,mild,456,0.6006655894121269,0.5997095502599863,0.5043859649122807,0.5043859649122807,0.5022222222222222,0.9912280701754386,0.017543859649122806,0.6666666666666666,0.9824561403508771,0.5406003902614535,-0.26573561095721754,-0.26762625618651925,-0.2828947368421052,0.23684210526315785,-0.11337868480725632
SmallCNNV1,known_test,blur_sigma2,strong,456,0.5661164973838104,0.5530237872436545,0.506578947368421,0.506578947368421,0.5033407572383074,0.9912280701754386,0.021929824561403508,0.6676514032496307,0.9780701754385965,0.5406003902614535,-0.300284702985534,-0.314312019202851,-0.2807017543859649,0.23684210526315785,-0.11239394822429227
SmallCNNV1,unseen_test,original,reference,1712,0.7215081557341254,0.6558252220465397,0.5887850467289719,0.5887850467289719,0.6853658536585366,0.3282710280373832,0.8492990654205608,0.4439178515007899,0.15070093457943926,0.5406003902614535,0.0,0.0,0.0,0.0,0.0
SmallCNNV1,unseen_test,jpeg_q75,mild,1712,0.7053045025766442,0.64355280909914,0.6209112149532711,0.6209112149532711,0.680628272251309,0.45560747663551404,0.7862149532710281,0.5458362491252624,0.21378504672897197,0.5406003902614535,-0.01620365315748118,-0.012272412947399669,0.032126168224299145,0.12733644859813087,0.10191839762447252
SmallCNNV1,unseen_test,jpeg_q50,strong,1712,0.7003641147698488,0.6439212502493907,0.6238317757009346,0.6238317757009346,0.6693290734824281,0.4894859813084112,0.758177570093458,0.5654520917678812,0.24182242990654207,0.5406003902614535,-0.021144040964276578,-0.011903971797148971,0.035046728971962704,0.16121495327102803,0.12153424026709136
SmallCNNV1,unseen_test,crop_90,mild,1712,0.7203972508516028,0.6574862413005838,0.6214953271028038,0.6214953271028038,0.7,0.4252336448598131,0.8177570093457944,0.5290697674418605,0.1822429906542056,0.5406003902614535,-0.0011109048825226342,0.0016610192540440494,0.032710280373831835,0.0969626168224299,0.08515191594107063
SmallCNNV1,unseen_test,crop_75,strong,1712,0.7144578674993448,0.6565529418726694,0.6717289719626168,0.6717289719626168,0.6851385390428212,0.6355140186915887,0.7079439252336449,0.6593939393939394,0.29205607476635514,0.5406003902614535,-0.0070502882347805995,0.0007277198261297357,0.08294392523364491,0.30724299065420557,0.21547608789314954
SmallCNNV1,unseen_test,resize_160,mild,1712,0.6977192331207966,0.6594306849150359,0.6699766355140186,0.6699766355140186,0.6629339305711086,0.6915887850467289,0.6483644859813084,0.6769582618639223,0.3516355140186916,0.5406003902614535,-0.023788922613328767,0.0036054628684961676,0.08119158878504673,0.36331775700934577,0.2330404103631324
SmallCNNV1,unseen_test,resize_112,strong,1712,0.5478712660494366,0.5782307672996612,0.4894859813084112,0.48948598130841126,0.4945717732207479,0.9579439252336449,0.02102803738317757,0.6523468575974543,0.9789719626168224,0.5406003902614535,-0.17363688968468882,-0.07759445474687854,-0.09929906542056066,0.6296728971962617,0.20842900609666437
SmallCNNV1,unseen_test,blur_sigma1,mild,1712,0.4852354736221504,0.5240383830707587,0.4935747663551402,0.4935747663551402,0.49673202614379086,0.9766355140186916,0.010514018691588784,0.6585269791256401,0.9894859813084113,0.5406003902614535,-0.236272682111975,-0.13178683897578103,-0.09521028037383172,0.6483644859813085,0.21460912762485018
SmallCNNV1,unseen_test,blur_sigma2,strong,1712,0.4594956437243427,0.48955841866608796,0.4947429906542056,0.4947429906542056,0.49732302201070794,0.9766355140186916,0.012850467289719626,0.6590461174615688,0.9871495327102804,0.5406003902614535,-0.2620125120097827,-0.16626680338045174,-0.09404205607476629,0.6483644859813085,0.21512826596077894
MobileNetV3-Small,known_test,original,reference,456,0.9519275161588181,0.9573603801739043,0.8837719298245614,0.8837719298245614,0.8995433789954338,0.8640350877192983,0.9035087719298246,0.8814317673378076,0.09649122807017543,0.7300598621368408,0.0,0.0,0.0,0.0,0.0
MobileNetV3-Small,known_test,jpeg_q75,mild,456,0.929324407510003,0.9291755200614578,0.8421052631578947,0.8421052631578947,0.8170731707317073,0.881578947368421,0.8026315789473685,0.8481012658227848,0.19736842105263158,0.7300598621368408,-0.022603108648815096,-0.028184860112446586,-0.04166666666666674,0.01754385964912275,-0.033330501515022815
MobileNetV3-Small,known_test,jpeg_q50,strong,456,0.9072406894429056,0.9136414650084961,0.7982456140350878,0.7982456140350878,0.7411347517730497,0.9166666666666666,0.6798245614035088,0.8196078431372549,0.3201754385964912,0.7300598621368408,-0.04468682671591251,-0.04371891516540827,-0.08552631578947367,0.05263157894736836,-0.061823924200552716
MobileNetV3-Small,known_test,crop_90,mild,456,0.9445791012619268,0.95058973472692,0.8640350877192983,0.8640350877192983,0.8705357142857143,0.8552631578947368,0.8728070175438597,0.8628318584070797,0.12719298245614036,0.7300598621368408,-0.007348414896891309,-0.006770645446984358,-0.019736842105263164,-0.00877192982456143,-0.018599908930727937
MobileNetV3-Small,known_test,crop_75,strong,456,0.9227839335180056,0.9284812375739216,0.8289473684210527,0.8289473684210527,0.8024193548387096,0.8728070175438597,0.7850877192982456,0.8361344537815126,0.2149122807017544,0.7300598621368408,-0.029143582640812515,-0.0288791425999827,-0.054824561403508776,0.00877192982456143,-0.04529731355629496
MobileNetV3-Small,known_test,resize_160,mild,456,0.9439442905509389,0.951589803591855,0.8399122807017544,0.8399122807017544,0.7859778597785978,0.9342105263157895,0.7456140350877193,0.8537074148296593,0.2543859649122807,0.7300598621368408,-0.00798322560787923,-0.00577057658204938,-0.04385964912280704,0.07017543859649122,-0.02772435250814831
MobileNetV3-Small,known_test,resize_112,strong,456,0.8307556171129578,0.828739943673442,0.5942982456140351,0.5942982456140351,0.5528255528255528,0.9868421052631579,0.20175438596491227,0.7086614173228346,0.7982456140350878,0.7300598621368408,-0.12117189904586034,-0.1286204365004624,-0.2894736842105263,0.12280701754385959,-0.17277035001497298
MobileNetV3-Small,known_test,blur_sigma1,mild,456,0.846683594952293,0.8517338650392609,0.5789473684210527,0.5789473684210527,0.5434782608695652,0.9868421052631579,0.17105263157894737,0.7009345794392523,0.8289473684210527,0.7300598621368408,-0.10524392120652515,-0.1056265151346435,-0.3048245614035088,0.12280701754385959,-0.1804971878985553
MobileNetV3-Small,known_test,blur_sigma2,strong,456,0.6862688519544474,0.6829759378080117,0.506578947368421,0.506578947368421,0.5033259423503326,0.9956140350877193,0.017543859649122806,0.6686303387334315,0.9824561403508771,0.7300598621368408,-0.2656586642043707,-0.27438444236589266,-0.3771929824561404,0.13157894736842102,-0.21280142860437612
MobileNetV3-Small,unseen_test,original,reference,1712,0.8589887763123416,0.8709269699460437,0.7470794392523364,0.7470794392523364,0.8542713567839196,0.5957943925233645,0.8983644859813084,0.7019958706125258,0.10163551401869159,0.7300598621368408,0.0,0.0,0.0,0.0,0.0
MobileNetV3-Small,unseen_test,jpeg_q75,mild,1712,0.8414517643462311,0.8565774911749868,0.7558411214953271,0.7558411214953271,0.7889182058047494,0.6985981308411215,0.8130841121495327,0.7410161090458488,0.18691588785046728,0.7300598621368408,-0.01753701196611046,-0.014349478771056856,0.008761682242990676,0.10280373831775702,0.03902023843332303
MobileNetV3-Small,unseen_test,jpeg_q50,strong,1712,0.8184441599703031,0.8369147352907144,0.7266355140186916,0.7266355140186915,0.7131868131868132,0.758177570093458,0.6950934579439252,0.7349943374858438,0.30490654205607476,0.7300598621368408,-0.04054461634203854,-0.03401223465532932,-0.02044392523364491,0.16238317757009346,0.03299846687331798
MobileNetV3-Small,unseen_test,crop_90,mild,1712,0.8632740850729321,0.8772022719413568,0.7710280373831776,0.7710280373831776,0.8473053892215568,0.6612149532710281,0.8808411214953271,0.7427821522309711,0.1191588785046729,0.7300598621368408,0.004285308760590523,0.006275301995313121,0.02394859813084116,0.06542056074766356,0.04078628161844533
MobileNetV3-Small,unseen_test,crop_75,strong,1712,0.858476995807494,0.8691133898045957,0.7686915887850467,0.7686915887850467,0.8108108108108109,0.7009345794392523,0.8364485981308412,0.7518796992481203,0.16355140186915887,0.7300598621368408,-0.0005117805048475699,-0.0018135801414479458,0.02161214953271029,0.10514018691588778,0.049883828635594485
MobileNetV3-Small,unseen_test,resize_160,mild,1712,0.8465252150842869,0.8664951805074229,0.7663551401869159,0.766355140186916,0.7707838479809976,0.758177570093458,0.7745327102803738,0.7644287396937574,0.22546728971962618,0.7300598621368408,-0.012463561228054698,-0.00443178943862077,0.01927570093457953,0.16238317757009346,0.06243286908123158
MobileNetV3-Small,unseen_test,resize_112,strong,1712,0.7809954744955891,0.8090666681777989,0.5794392523364486,0.5794392523364486,0.5449141347424042,0.9637850467289719,0.19509345794392524,0.6962025316455697,0.8049065420560748,0.7300598621368408,-0.07799330181675246,-0.06186030176824475,-0.1676401869158879,0.3679906542056074,-0.0057933389669561075
MobileNetV3-Small,unseen_test,blur_sigma1,mild,1712,0.7893477323347017,0.8203226150721887,0.554322429906542,0.554322429906542,0.5299806576402321,0.9602803738317757,0.1483644859813084,0.6830078936435396,0.8516355140186916,0.7300598621368408,-0.06964104397763993,-0.05060435487385495,-0.19275700934579443,0.36448598130841114,-0.01898797696898613
MobileNetV3-Small,unseen_test,blur_sigma2,strong,1712,0.6925065780854223,0.718821234661659,0.5058411214953271,0.5058411214953271,0.5029515938606848,0.9953271028037384,0.016355140186915886,0.668235294117647,0.9836448598130841,0.7300598621368408,-0.16648219822691934,-0.15210573528438465,-0.24123831775700932,0.39953271028037385,-0.033760576494878736
EfficientNet-B0,known_test,original,reference,456,0.9587757771622037,0.9637023807642139,0.875,0.875,0.8547717842323651,0.9035087719298246,0.8464912280701754,0.8784648187633263,0.15350877192982457,0.2636917531490326,0.0,0.0,0.0,0.0,0.0
EfficientNet-B0,known_test,jpeg_q75,mild,456,0.9430401662049861,0.9475921544136096,0.8552631578947368,0.8552631578947368,0.8292682926829268,0.8947368421052632,0.8157894736842105,0.8607594936708861,0.18421052631578946,0.2636917531490326,-0.01573561095721765,-0.01611022635060433,-0.019736842105263164,-0.00877192982456143,-0.01770532509244016
EfficientNet-B0,known_test,jpeg_q50,strong,456,0.9280355493998154,0.9308456872288261,0.8377192982456141,0.8377192982456141,0.8290598290598291,0.8508771929824561,0.8245614035087719,0.8398268398268398,0.17543859649122806,0.2636917531490326,-0.030740227762388384,-0.03285669353538778,-0.037280701754385914,-0.052631578947368474,-0.03863797893648646
EfficientNet-B0,known_test,crop_90,mild,456,0.9585641735918745,0.9632628888604783,0.875,0.875,0.8518518518518519,0.9078947368421053,0.8421052631578947,0.8789808917197452,0.15789473684210525,0.2636917531490326,-0.00021160357032923294,-0.00043949190373560043,0.0,0.004385964912280715,0.0005160729564189781
EfficientNet-B0,known_test,crop_75,strong,456,0.952100646352724,0.9558340614950661,0.8530701754385965,0.8530701754385965,0.8132295719844358,0.9166666666666666,0.7894736842105263,0.8618556701030928,0.21052631578947367,0.2636917531490326,-0.00667513080947979,-0.007868319269147772,-0.021929824561403466,0.013157894736842035,-0.01660914866023344
EfficientNet-B0,known_test,resize_160,mild,456,0.9586411203447215,0.9618200552006593,0.8442982456140351,0.8442982456140351,0.7773851590106007,0.9649122807017544,0.7236842105263158,0.8610567514677103,0.27631578947368424,0.2636917531490326,-0.00013465681748225933,-0.00188232556355461,-0.030701754385964897,0.06140350877192979,-0.017408067295615948
EfficientNet-B0,known_test,resize_112,strong,456,0.8756251923668822,0.8796987478862952,0.5614035087719298,0.5614035087719298,0.5328638497652582,0.9956140350877193,0.12719298245614036,0.6941896024464832,0.8728070175438597,0.2636917531490326,-0.08315058479532156,-0.08400363287791868,-0.3135964912280702,0.09210526315789469,-0.18427521631684307
EfficientNet-B0,known_test,blur_sigma1,mild,456,0.7872326100338566,0.7959173353098818,0.5285087719298246,0.5285087719298246,0.5146726862302483,1.0,0.05701754385964912,0.6795827123695977,0.9429824561403509,0.2636917531490326,-0.17154316712834716,-0.16778504545433204,-0.3464912280701754,0.0964912280701754,-0.1988821063937286
EfficientNet-B0,known_test,blur_sigma2,strong,456,0.6033298707294552,0.5888296622061044,0.5,0.5,0.5,1.0,0.0,0.6666666666666666,1.0,0.2636917531490326,-0.35544590643274854,-0.37487271855810944,-0.375,0.0964912280701754,-0.21179815209665964
EfficientNet-B0,unseen_test,original,reference,1712,0.8589150799196436,0.8805020097815437,0.7938084112149533,0.7938084112149533,0.8488210818307905,0.7149532710280374,0.8726635514018691,0.7761572606214331,0.12733644859813084,0.2636917531490326,0.0,0.0,0.0,0.0,0.0
EfficientNet-B0,unseen_test,jpeg_q75,mild,1712,0.8420727246921129,0.8626356798079758,0.7675233644859814,0.7675233644859814,0.8013157894736842,0.7114485981308412,0.8235981308411215,0.7537128712871287,0.1764018691588785,0.2636917531490326,-0.016842355227530637,-0.01786632997356785,-0.026285046728971917,-0.003504672897196248,-0.02244438933430437
EfficientNet-B0,unseen_test,jpeg_q50,strong,1712,0.8350278954493843,0.8557740105570284,0.7646028037383178,0.7646028037383177,0.8015978695073236,0.7032710280373832,0.8259345794392523,0.7492221530802738,0.17406542056074767,0.2636917531490326,-0.02388718447025928,-0.024727999224515296,-0.029205607476635587,-0.011682242990654235,-0.026935107541159242
EfficientNet-B0,unseen_test,crop_90,mild,1712,0.8683127347366582,0.8890118428728289,0.790303738317757,0.790303738317757,0.8335570469798658,0.7254672897196262,0.8551401869158879,0.7757651467832605,0.14485981308411214,0.2636917531490326,0.0093976548170146,0.008509833091285168,-0.003504672897196248,0.010514018691588745,-0.00039211383817261414
EfficientNet-B0,unseen_test,crop_75,strong,1712,0.8686443685037994,0.88496582552793,0.7949766355140186,0.7949766355140186,0.8160200250312891,0.7616822429906542,0.8282710280373832,0.7879154078549849,0.17172897196261683,0.2636917531490326,0.009729288584155893,0.004463815746386324,0.001168224299065379,0.04672897196261683,0.011758147233551841
EfficientNet-B0,unseen_test,resize_160,mild,1712,0.8677504585553323,0.8863599303995673,0.7669392523364486,0.7669392523364487,0.7377731529656608,0.8282710280373832,0.705607476635514,0.7804072647220693,0.29439252336448596,0.2636917531490326,0.008835378635688729,0.005857920618023593,-0.026869158878504606,0.11331775700934577,0.004250004100636251
EfficientNet-B0,unseen_test,resize_112,strong,1712,0.7878424152764434,0.8030586306981419,0.5671728971962616,0.5671728971962617,0.5371687136393019,0.9707943925233645,0.16355140186915887,0.6916354556803995,0.8364485981308412,0.2636917531490326,-0.07107266464320017,-0.07744337908340182,-0.22663551401869153,0.2558411214953271,-0.08452180494103356
EfficientNet-B0,unseen_test,blur_sigma1,mild,1712,0.7399697844789938,0.7353905918276735,0.5175233644859814,0.5175233644859814,0.5089498806682577,0.9964953271028038,0.038551401869158876,0.6737756714060031,0.9614485981308412,0.2636917531490326,-0.1189452954406498,-0.14511141795387017,-0.2762850467289719,0.28154205607476634,-0.10238158921542995
EfficientNet-B0,unseen_test,blur_sigma2,strong,1712,0.5929509400384313,0.5787960025869004,0.5,0.5,0.5,1.0,0.0,0.6666666666666666,1.0,0.2636917531490326,-0.26596413988121226,-0.30170600719464324,-0.29380841121495327,0.2850467289719626,-0.10949059395476646
