C,fold,real_domain,n,specificity,fpr,mean_p_ai
0.01,1,Tiny,250,0.124,0.876,0.5324347019195557
0.01,1,MLLM,113,0.8407079646017699,0.1592920353982301,0.45457887649536133
0.01,1,COCO,60,0.8833333333333333,0.11666666666666667,0.42824283242225647
0.01,1,Smartphone,500,0.994,0.006,0.39153680205345154
0.01,2,Tiny,250,0.288,0.712,0.5194745063781738
0.01,2,MLLM,113,0.7964601769911505,0.20353982300884957,0.4550974667072296
0.01,2,COCO,60,0.8833333333333333,0.11666666666666667,0.42676544189453125
0.01,2,Smartphone,500,0.988,0.012,0.3886808156967163
0.01,3,Tiny,250,0.24,0.76,0.517280638217926
0.01,3,MLLM,113,0.45132743362831856,0.5486725663716814,0.5056793093681335
0.01,3,COCO,60,0.9333333333333333,0.06666666666666667,0.4346747100353241
0.01,3,Smartphone,500,0.98,0.02,0.40637752413749695
0.01,4,Tiny,250,0.156,0.844,0.527489185333252
0.01,4,MLLM,113,0.6371681415929203,0.36283185840707965,0.49132010340690613
0.01,4,COCO,60,0.9333333333333333,0.06666666666666667,0.4319912791252136
0.01,4,Smartphone,500,0.988,0.012,0.3978657126426697
0.03,1,Tiny,250,0.264,0.736,0.5302183032035828
0.03,1,MLLM,113,0.7256637168141593,0.2743362831858407,0.4422197937965393
0.03,1,COCO,60,0.9333333333333333,0.06666666666666667,0.35506242513656616
0.03,1,Smartphone,500,0.99,0.01,0.30516669154167175
0.03,2,Tiny,250,0.432,0.568,0.5090817809104919
0.03,2,MLLM,113,0.7256637168141593,0.2743362831858407,0.4381704032421112
0.03,2,COCO,60,0.9333333333333333,0.06666666666666667,0.35217830538749695
0.03,2,Smartphone,500,0.988,0.012,0.29913410544395447
0.03,3,Tiny,250,0.376,0.624,0.5131738185882568
0.03,3,MLLM,113,0.3893805309734513,0.6106194690265486,0.5172117948532104
0.03,3,COCO,60,0.95,0.05,0.3608252704143524
0.03,3,Smartphone,500,0.978,0.022,0.31953299045562744
0.03,4,Tiny,250,0.3,0.7,0.525275468826294
0.03,4,MLLM,113,0.5663716814159292,0.4336283185840708,0.4982251226902008
0.03,4,COCO,60,0.9166666666666666,0.08333333333333333,0.3595062494277954
0.03,4,Smartphone,500,0.978,0.022,0.3104565143585205
0.1,1,Tiny,250,0.516,0.484,0.4840297996997833
0.1,1,MLLM,113,0.6814159292035398,0.3185840707964602,0.4401912987232208
0.1,1,COCO,60,0.9833333333333333,0.016666666666666666,0.2504903972148895
0.1,1,Smartphone,500,0.984,0.016,0.21202850341796875
0.1,2,Tiny,250,0.588,0.412,0.4621725380420685
0.1,2,MLLM,113,0.7079646017699115,0.2920353982300885,0.42159923911094666
0.1,2,COCO,60,0.95,0.05,0.2500591278076172
0.1,2,Smartphone,500,0.99,0.01,0.20315861701965332
0.1,3,Tiny,250,0.552,0.448,0.4763460159301758
0.1,3,MLLM,113,0.40707964601769914,0.5929203539823009,0.5182052254676819
0.1,3,COCO,60,0.9666666666666667,0.03333333333333333,0.2539818584918976
0.1,3,Smartphone,500,0.982,0.018,0.21914465725421906
0.1,4,Tiny,250,0.508,0.492,0.4847220182418823
0.1,4,MLLM,113,0.49557522123893805,0.504424778761062,0.49770307540893555
0.1,4,COCO,60,0.9666666666666667,0.03333333333333333,0.25693148374557495
0.1,4,Smartphone,500,0.98,0.02,0.21320953965187073
0.3,1,Tiny,250,0.696,0.304,0.41306769847869873
0.3,1,MLLM,113,0.6637168141592921,0.336283185840708,0.42800673842430115
0.3,1,COCO,60,0.9833333333333333,0.016666666666666666,0.16313765943050385
0.3,1,Smartphone,500,0.984,0.016,0.14678557217121124
0.3,2,Tiny,250,0.7,0.3,0.3970532715320587
0.3,2,MLLM,113,0.7345132743362832,0.26548672566371684,0.3860255479812622
0.3,2,COCO,60,0.95,0.05,0.169617161154747
0.3,2,Smartphone,500,0.984,0.016,0.1372665911912918
0.3,3,Tiny,250,0.688,0.312,0.4182882010936737
0.3,3,MLLM,113,0.46017699115044247,0.5398230088495575,0.49168670177459717
0.3,3,COCO,60,0.9833333333333333,0.016666666666666666,0.16727222502231598
0.3,3,Smartphone,500,0.982,0.018,0.1486666202545166
0.3,4,Tiny,250,0.668,0.332,0.4195266664028168
0.3,4,MLLM,113,0.5486725663716814,0.45132743362831856,0.47264397144317627
0.3,4,COCO,60,0.9833333333333333,0.016666666666666666,0.1731502115726471
0.3,4,Smartphone,500,0.978,0.022,0.1461632400751114
1.0,1,Tiny,250,0.8,0.2,0.33187612891197205
1.0,1,MLLM,113,0.6814159292035398,0.3185840707964602,0.39176613092422485
1.0,1,COCO,60,0.9833333333333333,0.016666666666666666,0.0980253517627716
1.0,1,Smartphone,500,0.982,0.018,0.09836169332265854
1.0,2,Tiny,250,0.788,0.212,0.32103124260902405
1.0,2,MLLM,113,0.7522123893805309,0.24778761061946902,0.3227144777774811
1.0,2,COCO,60,0.9666666666666667,0.03333333333333333,0.11070673912763596
1.0,2,Smartphone,500,0.984,0.016,0.08918971568346024
1.0,3,Tiny,250,0.764,0.236,0.348565012216568
1.0,3,MLLM,113,0.5752212389380531,0.4247787610619469,0.4400371313095093
1.0,3,COCO,60,0.9833333333333333,0.016666666666666666,0.10431208461523056
1.0,3,Smartphone,500,0.98,0.02,0.09692072868347168
1.0,4,Tiny,250,0.752,0.248,0.3424469232559204
1.0,4,MLLM,113,0.6106194690265486,0.3893805309734513,0.42127934098243713
1.0,4,COCO,60,0.9833333333333333,0.016666666666666666,0.11168769747018814
1.0,4,Smartphone,500,0.98,0.02,0.09573327749967575
3.0,1,Tiny,250,0.844,0.156,0.26888006925582886
3.0,1,MLLM,113,0.7168141592920354,0.2831858407079646,0.3454664349555969
3.0,1,COCO,60,1.0,0.0,0.06209690496325493
3.0,1,Smartphone,500,0.986,0.014,0.06907455623149872
3.0,2,Tiny,250,0.828,0.172,0.2589417099952698
3.0,2,MLLM,113,0.8141592920353983,0.18584070796460178,0.2579501271247864
3.0,2,COCO,60,0.9666666666666667,0.03333333333333333,0.07767339050769806
3.0,2,Smartphone,500,0.988,0.012,0.06286654621362686
3.0,3,Tiny,250,0.824,0.176,0.285667359828949
3.0,3,MLLM,113,0.6106194690265486,0.3893805309734513,0.38596174120903015
3.0,3,COCO,60,0.9833333333333333,0.016666666666666666,0.07188507914543152
3.0,3,Smartphone,500,0.98,0.02,0.06834922730922699
3.0,4,Tiny,250,0.832,0.168,0.2785925269126892
3.0,4,MLLM,113,0.6637168141592921,0.336283185840708,0.3670644164085388
3.0,4,COCO,60,0.9833333333333333,0.016666666666666666,0.07696418464183807
3.0,4,Smartphone,500,0.984,0.016,0.06619920581579208
10.0,1,Tiny,250,0.872,0.128,0.21561987698078156
10.0,1,MLLM,113,0.7699115044247787,0.23008849557522124,0.28704747557640076
10.0,1,COCO,60,1.0,0.0,0.043030496686697006
10.0,1,Smartphone,500,0.982,0.018,0.04913856461644173
10.0,2,Tiny,250,0.876,0.124,0.2071685791015625
10.0,2,MLLM,113,0.8584070796460177,0.1415929203539823,0.20138052105903625
10.0,2,COCO,60,0.9833333333333333,0.016666666666666666,0.0553278885781765
10.0,2,Smartphone,500,0.98,0.02,0.046229150146245956
10.0,3,Tiny,250,0.852,0.148,0.2311461865901947
10.0,3,MLLM,113,0.6637168141592921,0.336283185840708,0.3346588909626007
10.0,3,COCO,60,1.0,0.0,0.05270896852016449
10.0,3,Smartphone,500,0.982,0.018,0.049386683851480484
10.0,4,Tiny,250,0.872,0.128,0.22509105503559113
10.0,4,MLLM,113,0.7079646017699115,0.2920353982300885,0.3121338486671448
10.0,4,COCO,60,1.0,0.0,0.05660814791917801
10.0,4,Smartphone,500,0.978,0.022,0.04663917422294617
