C,fold,generator_id,legacy_or_modern,n,ai_recall_050,mean_p_ai,median_p_ai
0.01,1,mllm::GPT_Image_2,modern,726,0.14738292011019283,0.4528387784957886,0.44213536381721497
0.01,1,qwen::FLUX.2_max,modern,100,0.16,0.4542749524116516,0.44345808029174805
0.01,1,qwen::GPT-Image-1,modern,100,0.2,0.46678653359413147,0.4576272964477539
0.01,1,qwen::GPT-Image-1.5,modern,100,0.21,0.46408045291900635,0.4551730751991272
0.01,1,qwen::Qwen-Image-2512,modern,100,0.2,0.46116241812705994,0.4531477093696594
0.01,1,qwen::gpt-image-2,modern,100,0.16,0.45161476731300354,0.4370849132537842
0.01,1,qwen::kling_v2_1,modern,100,0.21,0.4596017003059387,0.44972532987594604
0.01,1,tiny::ADM,legacy,286,0.9755244755244755,0.5643495917320251,0.5637929439544678
0.01,1,tiny::SD15,legacy,286,0.972027972027972,0.5585095882415771,0.5621960163116455
0.01,2,mllm::Nano_Banana_2,modern,725,0.2206896551724138,0.4633662700653076,0.44914710521698
0.01,2,qwen::GLM-Image,modern,100,0.25,0.472886323928833,0.4656054377555847
0.01,2,qwen::Seedream-4.0,modern,100,0.18,0.461994469165802,0.45222562551498413
0.01,2,qwen::nano-banana-2.0,modern,100,0.17,0.45282700657844543,0.44405442476272583
0.01,2,qwen::nano-banana-pro,modern,100,0.18,0.45636820793151855,0.44853198528289795
0.01,2,tiny::BigGAN,legacy,286,0.8461538461538461,0.5326594114303589,0.5350610613822937
0.01,2,tiny::VQDM,legacy,285,0.6807017543859649,0.5169898271560669,0.5179445147514343
0.01,3,qwen::FLUX.2-pro,modern,100,0.22,0.466278612613678,0.4658401608467102
0.01,3,qwen::GPT-Image-1,modern,100,0.28,0.47901293635368347,0.4742945432662964
0.01,3,qwen::GPT-Image-1.5,modern,100,0.24,0.4743582010269165,0.4712883532047272
0.01,3,qwen::HunyuanImage-3.0,modern,100,0.28,0.47596168518066406,0.46917998790740967
0.01,3,qwen::Seedream-4.5,modern,100,0.2,0.46476981043815613,0.4587516188621521
0.01,3,tiny::GLIDE,legacy,286,0.9685314685314685,0.5496830344200134,0.5505844354629517
0.01,3,tiny::Wukong,legacy,285,0.9228070175438596,0.549551248550415,0.5562358498573303
0.01,4,qwen::Imagen-4.0,modern,100,0.21,0.4646635353565216,0.45757484436035156
0.01,4,qwen::Imagen-4.0-Ultra,modern,100,0.2,0.4645211100578308,0.463107168674469
0.01,4,qwen::Qwen-Image,modern,100,0.2,0.46236881613731384,0.4588898718357086
0.01,4,qwen::Qwen-Image-2.0-pro,modern,100,0.21,0.46129855513572693,0.4575612246990204
0.01,4,qwen::Seedream-5.0,modern,100,0.2,0.4620347321033478,0.4565007984638214
0.01,4,tiny::Midjourney,legacy,286,0.9615384615384616,0.5629127025604248,0.5683175325393677
0.03,1,mllm::GPT_Image_2,modern,726,0.21349862258953167,0.4414624869823456,0.4359602630138397
0.03,1,qwen::FLUX.2_max,modern,100,0.18,0.42241355776786804,0.40588197112083435
0.03,1,qwen::GPT-Image-1,modern,100,0.25,0.4472050070762634,0.430124431848526
0.03,1,qwen::GPT-Image-1.5,modern,100,0.23,0.44066452980041504,0.4243239760398865
0.03,1,qwen::Qwen-Image-2512,modern,100,0.23,0.43836066126823425,0.43183836340904236
0.03,1,qwen::gpt-image-2,modern,100,0.18,0.41956114768981934,0.399291068315506
0.03,1,qwen::kling_v2_1,modern,100,0.22,0.43526768684387207,0.4193474352359772
0.03,1,tiny::ADM,legacy,286,0.951048951048951,0.618715226650238,0.6178478598594666
0.03,1,tiny::SD15,legacy,286,0.9685314685314685,0.591291069984436,0.5958267450332642
0.03,2,mllm::Nano_Banana_2,modern,725,0.2910344827586207,0.4608180820941925,0.4464404582977295
0.03,2,qwen::GLM-Image,modern,100,0.28,0.46248966455459595,0.45021650195121765
0.03,2,qwen::Seedream-4.0,modern,100,0.22,0.43817925453186035,0.4234592914581299
0.03,2,qwen::nano-banana-2.0,modern,100,0.18,0.4235765337944031,0.40950560569763184
0.03,2,qwen::nano-banana-pro,modern,100,0.24,0.42928624153137207,0.41549161076545715
0.03,2,tiny::BigGAN,legacy,286,0.8146853146853147,0.5560678243637085,0.5585100650787354
0.03,2,tiny::VQDM,legacy,285,0.5298245614035088,0.5095561742782593,0.5061038732528687
0.03,3,qwen::FLUX.2-pro,modern,100,0.21,0.4369508624076843,0.4377802014350891
0.03,3,qwen::GPT-Image-1,modern,100,0.29,0.46127092838287354,0.45030951499938965
0.03,3,qwen::GPT-Image-1.5,modern,100,0.25,0.4495580792427063,0.44048357009887695
0.03,3,qwen::HunyuanImage-3.0,modern,100,0.28,0.4578493535518646,0.44440439343452454
0.03,3,qwen::Seedream-4.5,modern,100,0.2,0.4306405782699585,0.4192330241203308
0.03,3,tiny::GLIDE,legacy,286,0.9685314685314685,0.5999240875244141,0.6028968095779419
0.03,3,tiny::Wukong,legacy,285,0.9157894736842105,0.5953084230422974,0.6089982986450195
0.03,4,qwen::Imagen-4.0,modern,100,0.25,0.43959224224090576,0.4298045337200165
0.03,4,qwen::Imagen-4.0-Ultra,modern,100,0.23,0.4391753673553467,0.43362724781036377
0.03,4,qwen::Qwen-Image,modern,100,0.21,0.4351256489753723,0.42607301473617554
0.03,4,qwen::Qwen-Image-2.0-pro,modern,100,0.22,0.4317651391029358,0.4208793640136719
0.03,4,qwen::Seedream-5.0,modern,100,0.23,0.4317091405391693,0.4207128882408142
0.03,4,tiny::Midjourney,legacy,286,0.958041958041958,0.6239972710609436,0.632479727268219
0.1,1,mllm::GPT_Image_2,modern,726,0.3512396694214876,0.4552541673183441,0.4609101116657257
0.1,1,qwen::FLUX.2_max,modern,100,0.17,0.38176554441452026,0.36482858657836914
0.1,1,qwen::GPT-Image-1,modern,100,0.27,0.4212132394313812,0.4015158414840698
0.1,1,qwen::GPT-Image-1.5,modern,100,0.25,0.4073471128940582,0.38920170068740845
0.1,1,qwen::Qwen-Image-2512,modern,100,0.27,0.4106029272079468,0.40270185470581055
0.1,1,qwen::gpt-image-2,modern,100,0.2,0.38099291920661926,0.35676416754722595
0.1,1,qwen::kling_v2_1,modern,100,0.25,0.4078949987888336,0.3814612925052643
0.1,1,tiny::ADM,legacy,286,0.9440559440559441,0.6823694705963135,0.6874980330467224
0.1,1,tiny::SD15,legacy,286,0.9195804195804196,0.6105008125305176,0.6111158132553101
0.1,2,mllm::Nano_Banana_2,modern,725,0.4262068965517241,0.4811747670173645,0.47275689244270325
0.1,2,qwen::GLM-Image,modern,100,0.33,0.45597216486930847,0.43410712480545044
0.1,2,qwen::Seedream-4.0,modern,100,0.26,0.4117540419101715,0.3846794664859772
0.1,2,qwen::nano-banana-2.0,modern,100,0.23,0.39247435331344604,0.3615630269050598
0.1,2,qwen::nano-banana-pro,modern,100,0.26,0.40126991271972656,0.3804768919944763
0.1,2,tiny::BigGAN,legacy,286,0.8006993006993007,0.6034608483314514,0.6131739616394043
0.1,2,tiny::VQDM,legacy,285,0.4456140350877193,0.4820783734321594,0.46643248200416565
0.1,3,qwen::FLUX.2-pro,modern,100,0.25,0.3995426595211029,0.4002481997013092
0.1,3,qwen::GPT-Image-1,modern,100,0.31,0.43580830097198486,0.419773668050766
0.1,3,qwen::GPT-Image-1.5,modern,100,0.24,0.4097658395767212,0.40519726276397705
0.1,3,qwen::HunyuanImage-3.0,modern,100,0.31,0.43590492010116577,0.4008951187133789
0.1,3,qwen::Seedream-4.5,modern,100,0.19,0.38172534108161926,0.3648735284805298
0.1,3,tiny::GLIDE,legacy,286,0.9755244755244755,0.678701639175415,0.6871305108070374
0.1,3,tiny::Wukong,legacy,285,0.8947368421052632,0.6528233289718628,0.6791394352912903
0.1,4,qwen::Imagen-4.0,modern,100,0.27,0.40955615043640137,0.39622288942337036
0.1,4,qwen::Imagen-4.0-Ultra,modern,100,0.25,0.4088784456253052,0.3962187170982361
0.1,4,qwen::Qwen-Image,modern,100,0.22,0.40229809284210205,0.38369783759117126
0.1,4,qwen::Qwen-Image-2.0-pro,modern,100,0.24,0.39541304111480713,0.3859594464302063
0.1,4,qwen::Seedream-5.0,modern,100,0.23,0.3895730972290039,0.3738142251968384
0.1,4,tiny::Midjourney,legacy,286,0.9475524475524476,0.703107476234436,0.7188719511032104
0.3,1,mllm::GPT_Image_2,modern,726,0.4738292011019284,0.47810930013656616,0.4862556755542755
0.3,1,qwen::FLUX.2_max,modern,100,0.18,0.33494776487350464,0.2996113896369934
0.3,1,qwen::GPT-Image-1,modern,100,0.26,0.3838619589805603,0.3623245060443878
0.3,1,qwen::GPT-Image-1.5,modern,100,0.22,0.36312538385391235,0.34562212228775024
0.3,1,qwen::Qwen-Image-2512,modern,100,0.26,0.37201011180877686,0.34115350246429443
0.3,1,qwen::gpt-image-2,modern,100,0.19,0.33838459849357605,0.30181360244750977
0.3,1,qwen::kling_v2_1,modern,100,0.25,0.37440192699432373,0.3304338753223419
0.3,1,tiny::ADM,legacy,286,0.916083916083916,0.73093581199646,0.7508449554443359
0.3,1,tiny::SD15,legacy,286,0.8391608391608392,0.6155490279197693,0.6180416941642761
0.3,2,mllm::Nano_Banana_2,modern,725,0.5186206896551724,0.5037304759025574,0.513416051864624
0.3,2,qwen::GLM-Image,modern,100,0.34,0.4451213479042053,0.40262895822525024
0.3,2,qwen::Seedream-4.0,modern,100,0.27,0.38361436128616333,0.33952075242996216
0.3,2,qwen::nano-banana-2.0,modern,100,0.23,0.36055541038513184,0.31650465726852417
0.3,2,qwen::nano-banana-pro,modern,100,0.26,0.3741796910762787,0.34277433156967163
0.3,2,tiny::BigGAN,legacy,286,0.8636363636363636,0.6756437420845032,0.6982413530349731
0.3,2,tiny::VQDM,legacy,285,0.3894736842105263,0.45641377568244934,0.4445667266845703
0.3,3,qwen::FLUX.2-pro,modern,100,0.28,0.36522093415260315,0.34436261653900146
0.3,3,qwen::GPT-Image-1,modern,100,0.32,0.4085156321525574,0.3796122074127197
0.3,3,qwen::GPT-Image-1.5,modern,100,0.24,0.3664240539073944,0.355653315782547
0.3,3,qwen::HunyuanImage-3.0,modern,100,0.31,0.41354575753211975,0.35686182975769043
0.3,3,qwen::Seedream-4.5,modern,100,0.19,0.33423396944999695,0.31012529134750366
0.3,3,tiny::GLIDE,legacy,286,0.972027972027972,0.7595482468605042,0.7757126092910767
0.3,3,tiny::Wukong,legacy,285,0.887719298245614,0.703840434551239,0.7430094480514526
0.3,4,qwen::Imagen-4.0,modern,100,0.29,0.37833312153816223,0.34721434116363525
0.3,4,qwen::Imagen-4.0-Ultra,modern,100,0.25,0.37833645939826965,0.3503240644931793
0.3,4,qwen::Qwen-Image,modern,100,0.22,0.36942559480667114,0.34145039319992065
0.3,4,qwen::Qwen-Image-2.0-pro,modern,100,0.25,0.36031338572502136,0.3437535762786865
0.3,4,qwen::Seedream-5.0,modern,100,0.21,0.3452491760253906,0.3087098002433777
0.3,4,tiny::Midjourney,legacy,286,0.9405594405594405,0.7595287561416626,0.795068621635437
1.0,1,mllm::GPT_Image_2,modern,726,0.5413223140495868,0.5031972527503967,0.5304036736488342
1.0,1,qwen::FLUX.2_max,modern,100,0.18,0.2813071012496948,0.2205803394317627
1.0,1,qwen::GPT-Image-1,modern,100,0.28,0.33770298957824707,0.26303648948669434
1.0,1,qwen::GPT-Image-1.5,modern,100,0.18,0.31232553720474243,0.2844371199607849
1.0,1,qwen::Qwen-Image-2512,modern,100,0.25,0.3233392834663391,0.2806512415409088
1.0,1,qwen::gpt-image-2,modern,100,0.21,0.2910792827606201,0.23275670409202576
1.0,1,qwen::kling_v2_1,modern,100,0.26,0.3321602940559387,0.2611408233642578
1.0,1,tiny::ADM,legacy,286,0.8811188811188811,0.7709259986877441,0.8202924728393555
1.0,1,tiny::SD15,legacy,286,0.7727272727272727,0.6214616894721985,0.6316425204277039
1.0,2,mllm::Nano_Banana_2,modern,725,0.5655172413793104,0.5186164975166321,0.545228123664856
1.0,2,qwen::GLM-Image,modern,100,0.35,0.4216293394565582,0.34917324781417847
1.0,2,qwen::Seedream-4.0,modern,100,0.25,0.3458482325077057,0.29677650332450867
1.0,2,qwen::nano-banana-2.0,modern,100,0.25,0.3192199468612671,0.24740666151046753
1.0,2,qwen::nano-banana-pro,modern,100,0.26,0.3380896747112274,0.2736947238445282
1.0,2,tiny::BigGAN,legacy,286,0.9055944055944056,0.7582578063011169,0.8009576797485352
1.0,2,tiny::VQDM,legacy,285,0.3929824561403509,0.4419698119163513,0.4280622899532318
1.0,3,qwen::FLUX.2-pro,modern,100,0.26,0.3287128508090973,0.253937304019928
1.0,3,qwen::GPT-Image-1,modern,100,0.3,0.3779969811439514,0.3355306386947632
1.0,3,qwen::GPT-Image-1.5,modern,100,0.23,0.3224872648715973,0.2955986261367798
1.0,3,qwen::HunyuanImage-3.0,modern,100,0.3,0.38694658875465393,0.3276168704032898
1.0,3,qwen::Seedream-4.5,modern,100,0.2,0.2869836390018463,0.24018976092338562
1.0,3,tiny::GLIDE,legacy,286,0.9755244755244755,0.8353191614151001,0.8667029142379761
1.0,3,tiny::Wukong,legacy,285,0.8701754385964913,0.7548887133598328,0.815239429473877
1.0,4,qwen::Imagen-4.0,modern,100,0.24,0.3362281918525696,0.28103336691856384
1.0,4,qwen::Imagen-4.0-Ultra,modern,100,0.27,0.33960315585136414,0.29155826568603516
1.0,4,qwen::Qwen-Image,modern,100,0.22,0.3305407762527466,0.2801792025566101
1.0,4,qwen::Qwen-Image-2.0-pro,modern,100,0.22,0.3200746774673462,0.26825010776519775
1.0,4,qwen::Seedream-5.0,modern,100,0.19,0.2943228483200073,0.20750071108341217
1.0,4,tiny::Midjourney,legacy,286,0.9230769230769231,0.7938796877861023,0.8526521921157837
3.0,1,mllm::GPT_Image_2,modern,726,0.5523415977961432,0.5192243456840515,0.5522193908691406
3.0,1,qwen::FLUX.2_max,modern,100,0.17,0.236693874001503,0.14415504038333893
3.0,1,qwen::GPT-Image-1,modern,100,0.25,0.29952162504196167,0.18387965857982635
3.0,1,qwen::GPT-Image-1.5,modern,100,0.17,0.2715388536453247,0.18666473031044006
3.0,1,qwen::Qwen-Image-2512,modern,100,0.21,0.281314879655838,0.1829032003879547
3.0,1,qwen::gpt-image-2,modern,100,0.18,0.2532334625720978,0.15045782923698425
3.0,1,qwen::kling_v2_1,modern,100,0.24,0.2936069369316101,0.18385350704193115
3.0,1,tiny::ADM,legacy,286,0.8811188811188811,0.7953565120697021,0.8772448301315308
3.0,1,tiny::SD15,legacy,286,0.7307692307692307,0.6288736462593079,0.6562273502349854
3.0,2,mllm::Nano_Banana_2,modern,725,0.5682758620689655,0.5213921666145325,0.5594186782836914
3.0,2,qwen::GLM-Image,modern,100,0.34,0.39815807342529297,0.3419443368911743
3.0,2,qwen::Seedream-4.0,modern,100,0.25,0.3150477707386017,0.23018988966941833
3.0,2,qwen::nano-banana-2.0,modern,100,0.21,0.28795328736305237,0.2048248052597046
3.0,2,qwen::nano-banana-pro,modern,100,0.27,0.30778422951698303,0.2151086926460266
3.0,2,tiny::BigGAN,legacy,286,0.9230769230769231,0.811363697052002,0.8688764572143555
3.0,2,tiny::VQDM,legacy,285,0.41403508771929826,0.4375382363796234,0.38870468735694885
3.0,3,qwen::FLUX.2-pro,modern,100,0.27,0.3051547110080719,0.19927078485488892
3.0,3,qwen::GPT-Image-1,modern,100,0.33,0.35800623893737793,0.2849387526512146
3.0,3,qwen::GPT-Image-1.5,modern,100,0.22,0.2959001958370209,0.2354907989501953
3.0,3,qwen::HunyuanImage-3.0,modern,100,0.29,0.3741597831249237,0.29038023948669434
3.0,3,qwen::Seedream-4.5,modern,100,0.19,0.2559156119823456,0.18085673451423645
3.0,3,tiny::GLIDE,legacy,286,0.9790209790209791,0.8836963176727295,0.9194321036338806
3.0,3,tiny::Wukong,legacy,285,0.8771929824561403,0.7950624823570251,0.878966748714447
3.0,4,qwen::Imagen-4.0,modern,100,0.26,0.30024465918540955,0.21377646923065186
3.0,4,qwen::Imagen-4.0-Ultra,modern,100,0.29,0.3101321756839752,0.21694649755954742
3.0,4,qwen::Qwen-Image,modern,100,0.23,0.30427828431129456,0.21593013405799866
3.0,4,qwen::Qwen-Image-2.0-pro,modern,100,0.24,0.2919693887233734,0.20189514756202698
3.0,4,qwen::Seedream-5.0,modern,100,0.19,0.25893160700798035,0.13324540853500366
3.0,4,tiny::Midjourney,legacy,286,0.8916083916083916,0.8041359782218933,0.8777033090591431
10.0,1,mllm::GPT_Image_2,modern,726,0.5578512396694215,0.5280213356018066,0.5714768171310425
10.0,1,qwen::FLUX.2_max,modern,100,0.13,0.20390866696834564,0.08900418132543564
10.0,1,qwen::GPT-Image-1,modern,100,0.24,0.27403518557548523,0.11533091962337494
10.0,1,qwen::GPT-Image-1.5,modern,100,0.22,0.24763278663158417,0.11296093463897705
10.0,1,qwen::Qwen-Image-2512,modern,100,0.2,0.2542731463909149,0.10160587728023529
10.0,1,qwen::gpt-image-2,modern,100,0.19,0.22460760176181793,0.08370963484048843
10.0,1,qwen::kling_v2_1,modern,100,0.24,0.25997138023376465,0.11639728397130966
10.0,1,tiny::ADM,legacy,286,0.8741258741258742,0.8162733316421509,0.923736572265625
10.0,1,tiny::SD15,legacy,286,0.7027972027972028,0.6399904489517212,0.6972631216049194
10.0,2,mllm::Nano_Banana_2,modern,725,0.5282758620689655,0.5165968537330627,0.548420786857605
10.0,2,qwen::GLM-Image,modern,100,0.33,0.3791503608226776,0.2763756513595581
10.0,2,qwen::Seedream-4.0,modern,100,0.27,0.28868651390075684,0.14175590872764587
10.0,2,qwen::nano-banana-2.0,modern,100,0.22,0.26310300827026367,0.1304088830947876
10.0,2,qwen::nano-banana-pro,modern,100,0.25,0.27808907628059387,0.15156987309455872
10.0,2,tiny::BigGAN,legacy,286,0.916083916083916,0.8333832025527954,0.9121642708778381
10.0,2,tiny::VQDM,legacy,285,0.42105263157894735,0.4352402985095978,0.3770964443683624
10.0,3,qwen::FLUX.2-pro,modern,100,0.27,0.289712131023407,0.13940775394439697
10.0,3,qwen::GPT-Image-1,modern,100,0.31,0.3505249321460724,0.23708996176719666
10.0,3,qwen::GPT-Image-1.5,modern,100,0.23,0.2811541259288788,0.17721670866012573
10.0,3,qwen::HunyuanImage-3.0,modern,100,0.33,0.3713216781616211,0.2425728738307953
10.0,3,qwen::Seedream-4.5,modern,100,0.19,0.23066915571689606,0.09005329757928848
10.0,3,tiny::GLIDE,legacy,286,0.9825174825174825,0.9169144034385681,0.9579628109931946
10.0,3,tiny::Wukong,legacy,285,0.887719298245614,0.8219471573829651,0.9268714189529419
10.0,4,qwen::Imagen-4.0,modern,100,0.21,0.26622700691223145,0.14911410212516785
10.0,4,qwen::Imagen-4.0-Ultra,modern,100,0.27,0.28635331988334656,0.1490882933139801
10.0,4,qwen::Qwen-Image,modern,100,0.26,0.28312331438064575,0.13297829031944275
10.0,4,qwen::Qwen-Image-2.0-pro,modern,100,0.24,0.26974913477897644,0.15002447366714478
10.0,4,qwen::Seedream-5.0,modern,100,0.21,0.23037919402122498,0.08272416889667511
10.0,4,tiny::Midjourney,legacy,286,0.8601398601398601,0.7986478805541992,0.9017843008041382
