comparison,scope,feature,group_a,n_a,mean_a,median_a,group_b,n_b,mean_b,median_b,cohens_d_a_minus_b,spearman_p_ai_vs_feature,spearman_pvalue
REAL_correct_vs_falseAI,COCO,mean_brightness,CORRECT_CONFIDENT_REAL,235,0.4583628053309089,0.4566788728772759,FALSE_AI_REAL,34,0.4297687735985938,0.4619185330382153,0.2380170530536293,-0.021680948005925,0.665514107767072
REAL_correct_vs_falseAI,COCO,std_brightness,CORRECT_CONFIDENT_REAL,235,0.2323174573086349,0.2337980800944032,FALSE_AI_REAL,34,0.2254102514661516,0.2349918060504315,0.125006632608304,0.0196315601972512,0.6954718898534484
REAL_correct_vs_falseAI,COCO,mean_saturation,CORRECT_CONFIDENT_REAL,235,0.2919894131189709,0.2732865802571028,FALSE_AI_REAL,34,0.3653136461386025,0.3461247389580831,-0.482463320529824,0.12253643584089,0.0141943427428222
REAL_correct_vs_falseAI,COCO,edge_density,CORRECT_CONFIDENT_REAL,235,0.1471144125868432,0.1432557397959183,FALSE_AI_REAL,34,0.0993538040216086,0.0900430484693877,0.7703987950179316,-0.3532677594706375,3.3562558064641057e-13
REAL_correct_vs_falseAI,COCO,sharpness,CORRECT_CONFIDENT_REAL,235,2777.4948667692724,2344.381039852204,FALSE_AI_REAL,34,1266.021097876865,974.1084766536889,0.767156229636362,-0.3648662179138619,4.851678104480511e-14
REAL_correct_vs_falseAI,COCO,entropy,CORRECT_CONFIDENT_REAL,235,7.3202956979911775,7.418220968730731,FALSE_AI_REAL,34,7.106842412863858,7.385144770838332,0.3823063599883284,-0.0002062512890705,0.9967190149461744
REAL_correct_vs_falseAI,COCO,high_frequency_ratio,CORRECT_CONFIDENT_REAL,235,0.1452094012294017,0.121877386644015,FALSE_AI_REAL,34,0.0910846870557897,0.0779295360486211,0.6627452682443898,-0.3170798567491047,8.585320563798823e-11
REAL_correct_vs_falseAI,COCO,width,CORRECT_CONFIDENT_REAL,235,569.8468085106383,640.0,FALSE_AI_REAL,34,562.3529411764706,640.0,0.0751391960135434,0.0018302460008615,0.9708913370143778
REAL_correct_vs_falseAI,COCO,height,CORRECT_CONFIDENT_REAL,235,494.5659574468085,480.0,FALSE_AI_REAL,34,486.4117647058824,480.0,0.0810555062111998,0.0782197219238016,0.1183133202259258
REAL_correct_vs_falseAI,COCO,aspect_ratio,CORRECT_CONFIDENT_REAL,235,1.2201216204440462,1.3333333333333333,FALSE_AI_REAL,34,1.1927012896207172,1.3333333333333333,0.0757318612988664,-0.0984319012381221,0.0491536114640181
REAL_correct_vs_falseAI,MLLM,mean_brightness,CORRECT_CONFIDENT_REAL,485,0.5742546655398628,0.5708910605648508,FALSE_AI_REAL,48,0.4991683804739343,0.5117731929099765,0.4688862605666855,-0.2137359033148402,6.012763587576523e-09
REAL_correct_vs_falseAI,MLLM,std_brightness,CORRECT_CONFIDENT_REAL,485,0.2095027130012278,0.2024160460037063,FALSE_AI_REAL,48,0.2340222869066602,0.2318085283394274,-0.326022861620914,0.203844200195763,3.0027454167670755e-08
REAL_correct_vs_falseAI,MLLM,mean_saturation,CORRECT_CONFIDENT_REAL,485,0.2114005196150625,0.1735967043067227,FALSE_AI_REAL,48,0.3002329642794618,0.2760370163690476,-0.5621868221687456,0.2432991964904146,3.0457051278985106e-11
REAL_correct_vs_falseAI,MLLM,edge_density,CORRECT_CONFIDENT_REAL,485,0.1239959877314327,0.1147759885204081,FALSE_AI_REAL,48,0.0982279874840561,0.0952845982142857,0.5484185493708403,-0.137410790097162,0.0002042512645488
REAL_correct_vs_falseAI,MLLM,sharpness,CORRECT_CONFIDENT_REAL,485,3580.076903149825,2819.4534239473073,FALSE_AI_REAL,48,2233.507845261503,1422.786463459846,0.4781941038936289,-0.0062682910480144,0.8661066481090794
REAL_correct_vs_falseAI,MLLM,entropy,CORRECT_CONFIDENT_REAL,485,6.514582453557217,6.722082591978033,FALSE_AI_REAL,48,6.777253606115097,7.0700644171390294,-0.2564283165834338,-0.0544610655328036,0.1426538511538385
REAL_correct_vs_falseAI,MLLM,high_frequency_ratio,CORRECT_CONFIDENT_REAL,485,0.2188367621751924,0.1637340771336876,FALSE_AI_REAL,48,0.1121523071282011,0.0985862219370135,0.6762243797018828,-0.1094101667435633,0.0031595223611625
REAL_correct_vs_falseAI,MLLM,width,CORRECT_CONFIDENT_REAL,485,720.059793814433,562.0,FALSE_AI_REAL,48,781.25,604.5,-0.1297544690206529,0.189287503307998,2.777278244659073e-07
REAL_correct_vs_falseAI,MLLM,height,CORRECT_CONFIDENT_REAL,485,861.2350515463918,502.0,FALSE_AI_REAL,48,935.7708333333334,500.0,-0.1092834113049972,0.0499773865641545,0.1785831512019037
REAL_correct_vs_falseAI,MLLM,aspect_ratio,CORRECT_CONFIDENT_REAL,485,0.9535987812418736,0.7515527950310559,FALSE_AI_REAL,48,1.0378196459421645,1.090833333333333,-0.2350481767485978,0.1439925740533961,9.884349262666582e-05
REAL_correct_vs_falseAI,Tiny-GenImage,mean_brightness,CORRECT_CONFIDENT_REAL,833,0.445312334275697,0.4497463533069477,FALSE_AI_REAL,56,0.446906761707194,0.4504124493547419,-0.0133210500283586,0.0107084600468022,0.7247105307198785
REAL_correct_vs_falseAI,Tiny-GenImage,std_brightness,CORRECT_CONFIDENT_REAL,833,0.1984256400798665,0.1975229055581034,FALSE_AI_REAL,56,0.1936233316446947,0.1972148463157911,0.0894982375741757,-0.061331722856782,0.0435011310378751
REAL_correct_vs_falseAI,Tiny-GenImage,mean_saturation,CORRECT_CONFIDENT_REAL,833,0.351112886443593,0.3321205044517807,FALSE_AI_REAL,56,0.3554776416705075,0.330757224764906,-0.0243046402983514,0.0137489339039779,0.6511456998544852
REAL_correct_vs_falseAI,Tiny-GenImage,edge_density,CORRECT_CONFIDENT_REAL,833,0.15971953992056,0.1473214285714285,FALSE_AI_REAL,56,0.115459297558309,0.0890365911989796,0.5004018120398408,-0.2049458529884773,9.603697740799039e-12
REAL_correct_vs_falseAI,Tiny-GenImage,sharpness,CORRECT_CONFIDENT_REAL,833,2839.3603499330006,1997.8064121038203,FALSE_AI_REAL,56,1627.549967278091,927.42729987268,0.4640660329479255,-0.2583313074408811,5.492795363439249e-18
REAL_correct_vs_falseAI,Tiny-GenImage,entropy,CORRECT_CONFIDENT_REAL,833,7.221073341106832,7.376554963366293,FALSE_AI_REAL,56,7.044874038387649,7.289148471997256,0.2975451671284955,-0.1753549323537199,6.1789723972155295e-09
REAL_correct_vs_falseAI,Tiny-GenImage,high_frequency_ratio,CORRECT_CONFIDENT_REAL,833,0.1788151744337127,0.1431568224721102,FALSE_AI_REAL,56,0.1296327674445474,0.084043703964064,0.4114665218339537,-0.1597879292169742,1.2310176922047433e-07
REAL_correct_vs_falseAI,Tiny-GenImage,width,CORRECT_CONFIDENT_REAL,833,501.06482593037214,500.0,FALSE_AI_REAL,56,451.5,500.0,0.2820937412343965,-0.0905036622667393,0.002859596726045
REAL_correct_vs_falseAI,Tiny-GenImage,height,CORRECT_CONFIDENT_REAL,833,397.6086434573829,375.0,FALSE_AI_REAL,56,379.1428571428572,375.0,0.1403636463259107,-0.1015953488504023,0.0008088383662297
REAL_correct_vs_falseAI,Tiny-GenImage,aspect_ratio,CORRECT_CONFIDENT_REAL,833,1.2994295146963966,1.3333333333333333,FALSE_AI_REAL,56,1.2388139933651934,1.3333333333333333,0.2177043747123462,0.0309971763825013,0.3079071073876311
AI_correct_vs_falseREAL,ADM,mean_brightness,CORRECT_CONFIDENT_AI,41,0.4892434110115082,0.4985113328925319,FALSE_REAL_AI,7,0.4674246687849246,0.4825580228185023,0.1918785321788908,-0.0626134301270417,0.643577592961155
AI_correct_vs_falseREAL,ADM,std_brightness,CORRECT_CONFIDENT_AI,41,0.225253062485829,0.224451974809564,FALSE_REAL_AI,7,0.1854255091374978,0.1853732207764225,0.7225270480839543,0.4369976665802438,0.0006768545554877
AI_correct_vs_falseREAL,ADM,mean_saturation,CORRECT_CONFIDENT_AI,41,0.2566522798143648,0.234859099889956,FALSE_REAL_AI,7,0.2859333800484479,0.2960847620298119,-0.2236148499591346,-0.2574539797770288,0.053186808468938
AI_correct_vs_falseREAL,ADM,edge_density,CORRECT_CONFIDENT_AI,41,0.0823481831757093,0.0668646364795918,FALSE_REAL_AI,7,0.2178218385568513,0.1932198660714285,-2.3541496498713648,-0.3145579465906145,0.0171682364460809
AI_correct_vs_falseREAL,ADM,sharpness,CORRECT_CONFIDENT_AI,41,1262.9096969253171,1280.5243889706574,FALSE_REAL_AI,7,3236.580000442504,2415.115564986995,-2.1821722054565056,-0.4194322011926367,0.0011635772247308
AI_correct_vs_falseREAL,ADM,entropy,CORRECT_CONFIDENT_AI,41,7.068849874863893,7.331022422518266,FALSE_REAL_AI,7,7.44207851535843,7.495133848050594,-0.4584283837148473,0.1969147005444646,0.1420622967313084
AI_correct_vs_falseREAL,ADM,high_frequency_ratio,CORRECT_CONFIDENT_AI,41,0.0901539429123043,0.071309313023585,FALSE_REAL_AI,7,0.2643837361831561,0.1678916886234134,-1.9227586627996995,-0.6678117708063261,1.3906786230759096e-08
AI_correct_vs_falseREAL,ADM,width,CORRECT_CONFIDENT_AI,41,256.0,256.0,FALSE_REAL_AI,7,256.0,256.0,0.0,,
AI_correct_vs_falseREAL,ADM,height,CORRECT_CONFIDENT_AI,41,256.0,256.0,FALSE_REAL_AI,7,256.0,256.0,0.0,,
AI_correct_vs_falseREAL,ADM,aspect_ratio,CORRECT_CONFIDENT_AI,41,1.0,1.0,FALSE_REAL_AI,7,1.0,1.0,0.0,,
AI_correct_vs_falseREAL,FLUX.2-pro,mean_brightness,CORRECT_CONFIDENT_AI,8,0.5759092435607056,0.4668979511335783,FALSE_REAL_AI,54,0.4799515131009,0.4413409310990021,0.4861644734116067,0.1505070507050704,0.1349989690121028
AI_correct_vs_falseREAL,FLUX.2-pro,std_brightness,CORRECT_CONFIDENT_AI,8,0.2121466937745536,0.223465565542925,FALSE_REAL_AI,54,0.199645172733859,0.2029150733033932,0.2377050801425265,0.1036543654365436,0.3047599635663012
AI_correct_vs_falseREAL,FLUX.2-pro,mean_saturation,CORRECT_CONFIDENT_AI,8,0.2006482573498149,0.1680154483668467,FALSE_REAL_AI,54,0.2484546263528559,0.2233302305297119,-0.3185518228050656,-0.1514311431143114,0.1325915805602034
AI_correct_vs_falseREAL,FLUX.2-pro,edge_density,CORRECT_CONFIDENT_AI,8,0.0836704799107143,0.0788524394132653,FALSE_REAL_AI,54,0.1494369449168556,0.1437739158163265,-1.0011605866733402,-0.403156315631563,3.1991320734812426e-05
AI_correct_vs_falseREAL,FLUX.2-pro,sharpness,CORRECT_CONFIDENT_AI,8,1072.41915753557,1038.4384603655276,FALSE_REAL_AI,54,2183.6227621644452,1684.9456638473612,-0.7978312523054506,-0.3322292229222922,0.0007328634887954
AI_correct_vs_falseREAL,FLUX.2-pro,entropy,CORRECT_CONFIDENT_AI,8,6.523812906497655,7.362585624660176,FALSE_REAL_AI,54,7.067953035712224,7.467015558829669,-0.5036362420602323,-0.0463606360636063,0.6469351376474095
AI_correct_vs_falseREAL,FLUX.2-pro,high_frequency_ratio,CORRECT_CONFIDENT_AI,8,0.0868380129342577,0.0915915446945035,FALSE_REAL_AI,54,0.1695829050620157,0.1324010801406878,-0.9521022567248304,-0.3144674467446745,0.0014406385461085
AI_correct_vs_falseREAL,FLUX.2-pro,width,CORRECT_CONFIDENT_AI,8,1024.0,1024.0,FALSE_REAL_AI,54,1024.0,1024.0,0.0,,
AI_correct_vs_falseREAL,FLUX.2-pro,height,CORRECT_CONFIDENT_AI,8,1024.0,1024.0,FALSE_REAL_AI,54,1024.0,1024.0,0.0,,
AI_correct_vs_falseREAL,FLUX.2-pro,aspect_ratio,CORRECT_CONFIDENT_AI,8,1.0,1.0,FALSE_REAL_AI,54,1.0,1.0,0.0,,
AI_correct_vs_falseREAL,FLUX.2_max,mean_brightness,CORRECT_CONFIDENT_AI,7,0.6723512192153648,0.7275100066589134,FALSE_REAL_AI,73,0.4884258589437487,0.4444733954519307,1.041494229655736,0.3164356435643564,0.001339345811208
AI_correct_vs_falseREAL,FLUX.2_max,std_brightness,CORRECT_CONFIDENT_AI,7,0.1851411885860086,0.2018294428031207,FALSE_REAL_AI,73,0.205127024450087,0.2046208624562446,-0.4032808594295188,0.0654305430543054,0.5177790079422369
AI_correct_vs_falseREAL,FLUX.2_max,mean_saturation,CORRECT_CONFIDENT_AI,7,0.1335386163393929,0.121351743822529,FALSE_REAL_AI,73,0.2370670025287512,0.201289656487595,-0.7920448752458379,-0.2341434143414341,0.0190429390823641
AI_correct_vs_falseREAL,FLUX.2_max,edge_density,CORRECT_CONFIDENT_AI,7,0.0698740433673469,0.0687779017857142,FALSE_REAL_AI,73,0.1447321865389991,0.1424984056122449,-1.189325474412096,-0.3977797779777978,4.1631100784593014e-05
AI_correct_vs_falseREAL,FLUX.2_max,sharpness,CORRECT_CONFIDENT_AI,7,1105.620049240177,899.0239751192988,FALSE_REAL_AI,73,1894.7522156524308,1715.5709307728982,-0.7364611153053074,-0.2582658265826582,0.0094767219869748
AI_correct_vs_falseREAL,FLUX.2_max,entropy,CORRECT_CONFIDENT_AI,7,6.2043531716591565,6.528305097840109,FALSE_REAL_AI,73,7.1208607807458515,7.405036634804594,-0.8982444907612994,-0.1702130213021301,0.0904346865248387
AI_correct_vs_falseREAL,FLUX.2_max,high_frequency_ratio,CORRECT_CONFIDENT_AI,7,0.1209472437816836,0.0964923283071443,FALSE_REAL_AI,73,0.1473003521574167,0.1350361198328274,-0.2994781747830453,-0.1673927392739274,0.0959826971788986
AI_correct_vs_falseREAL,FLUX.2_max,width,CORRECT_CONFIDENT_AI,7,1024.0,1024.0,FALSE_REAL_AI,73,1024.0,1024.0,0.0,,
AI_correct_vs_falseREAL,FLUX.2_max,height,CORRECT_CONFIDENT_AI,7,1024.0,1024.0,FALSE_REAL_AI,73,1024.0,1024.0,0.0,,
AI_correct_vs_falseREAL,FLUX.2_max,aspect_ratio,CORRECT_CONFIDENT_AI,7,1.0,1.0,FALSE_REAL_AI,73,1.0,1.0,0.0,,
AI_correct_vs_falseREAL,GLM-Image,mean_brightness,CORRECT_CONFIDENT_AI,27,0.4510515834892985,0.4404218992284413,FALSE_REAL_AI,43,0.4569664805057198,0.417065990614996,-0.0299175157916376,-0.011041104110411,0.9131817015794044
AI_correct_vs_falseREAL,GLM-Image,std_brightness,CORRECT_CONFIDENT_AI,27,0.2113656484791862,0.2137750075705355,FALSE_REAL_AI,43,0.2089025598573995,0.2053879253580806,0.0555216488977308,0.0183378337833783,0.8562984806869733
AI_correct_vs_falseREAL,GLM-Image,mean_saturation,CORRECT_CONFIDENT_AI,27,0.325148522950847,0.3568243703731492,FALSE_REAL_AI,43,0.3063599749492819,0.2773691507853141,0.1072036519730178,0.0866606660666066,0.3912649078207144
AI_correct_vs_falseREAL,GLM-Image,edge_density,CORRECT_CONFIDENT_AI,27,0.1110439401455026,0.1005859375,FALSE_REAL_AI,43,0.1812526882119126,0.1781927614795918,-1.11153519838247,-0.494534937100747,1.69886636238609e-07
AI_correct_vs_falseREAL,GLM-Image,sharpness,CORRECT_CONFIDENT_AI,27,2347.4540493362274,1621.9795949491845,FALSE_REAL_AI,43,4850.672202482715,4494.043586980399,-1.0475232842304525,-0.5007260726072607,1.1242182061668677e-07
AI_correct_vs_falseREAL,GLM-Image,entropy,CORRECT_CONFIDENT_AI,27,7.1634812448431475,7.266979403963759,FALSE_REAL_AI,43,7.074832697529884,7.359562041548385,0.1139497311994646,-0.0396159615961596,0.6955514103428518
AI_correct_vs_falseREAL,GLM-Image,high_frequency_ratio,CORRECT_CONFIDENT_AI,27,0.1450418768721594,0.1253239580280698,FALSE_REAL_AI,43,0.2804571285393122,0.2476662674915874,-1.2001714826687284,-0.5202760276027603,2.8890155912766945e-08
AI_correct_vs_falseREAL,GLM-Image,width,CORRECT_CONFIDENT_AI,27,1024.0,1024.0,FALSE_REAL_AI,43,1024.0,1024.0,0.0,,
AI_correct_vs_falseREAL,GLM-Image,height,CORRECT_CONFIDENT_AI,27,1024.0,1024.0,FALSE_REAL_AI,43,1024.0,1024.0,0.0,,
AI_correct_vs_falseREAL,GLM-Image,aspect_ratio,CORRECT_CONFIDENT_AI,27,1.0,1.0,FALSE_REAL_AI,43,1.0,1.0,0.0,,
AI_correct_vs_falseREAL,GPT Image 2,mean_brightness,CORRECT_CONFIDENT_AI,65,0.5059846418747789,0.500671582930047,FALSE_REAL_AI,454,0.5807535796737129,0.5953802454184799,-0.4635363747368817,-0.1905309004983451,2.311726351377883e-07
AI_correct_vs_falseREAL,GPT Image 2,std_brightness,CORRECT_CONFIDENT_AI,65,0.2162920716481333,0.2115460893672869,FALSE_REAL_AI,454,0.2201756582110557,0.2128008981874813,-0.0487439919746768,-0.0337863532680554,0.3633271816844708
AI_correct_vs_falseREAL,GPT Image 2,mean_saturation,CORRECT_CONFIDENT_AI,65,0.3164720190961,0.2814936130702281,FALSE_REAL_AI,454,0.2115917767161931,0.1748850321378551,0.6109973826648055,0.2605857604125057,9.833518776811673e-13
AI_correct_vs_falseREAL,GPT Image 2,edge_density,CORRECT_CONFIDENT_AI,65,0.1162241218602825,0.1196388711734693,FALSE_REAL_AI,454,0.1333801055526836,0.1236846301020408,-0.3429288393569095,-0.2197930434976703,2.1595876558249695e-09
AI_correct_vs_falseREAL,GPT Image 2,sharpness,CORRECT_CONFIDENT_AI,65,2037.2567436404088,1564.24572460138,FALSE_REAL_AI,454,4100.188075668555,3138.930702731789,-0.7186808941494393,-0.2413201659086107,4.4388503011337993e-11
AI_correct_vs_falseREAL,GPT Image 2,entropy,CORRECT_CONFIDENT_AI,65,7.002233833391535,7.23699659944424,FALSE_REAL_AI,454,6.449504589266245,6.561838482582294,0.6600316908670099,0.0927794788249355,0.0123851960186787
AI_correct_vs_falseREAL,GPT Image 2,high_frequency_ratio,CORRECT_CONFIDENT_AI,65,0.1232994023877172,0.1086992804165195,FALSE_REAL_AI,454,0.2193599880764882,0.1670226102701766,-0.6733800140429538,-0.1707850318477579,3.6955332841534807e-06
AI_correct_vs_falseREAL,GPT Image 2,width,CORRECT_CONFIDENT_AI,65,1336.1538461538462,1448.0,FALSE_REAL_AI,454,1155.2819383259912,1086.0,0.948817830979986,0.1786785495989926,1.265284621478653e-06
AI_correct_vs_falseREAL,GPT Image 2,height,CORRECT_CONFIDENT_AI,65,1127.0153846153846,1016.0,FALSE_REAL_AI,454,1291.2488986784142,1332.0,-0.8204150644151464,-0.1348940911843289,0.0002673417292999
AI_correct_vs_falseREAL,GPT Image 2,aspect_ratio,CORRECT_CONFIDENT_AI,65,1.2425564964315958,1.4251968503937007,FALSE_REAL_AI,454,0.9428912766793928,0.8153153153153153,0.9361684848317156,0.1361213815264348,0.0002345893461063
AI_correct_vs_falseREAL,GPT-Image-1,mean_brightness,CORRECT_CONFIDENT_AI,22,0.4552459563974738,0.4370084656909638,FALSE_REAL_AI,45,0.3684412013607526,0.3324645788784263,0.4193877368097758,0.2166456645664566,0.0303875991916401
AI_correct_vs_falseREAL,GPT-Image-1,std_brightness,CORRECT_CONFIDENT_AI,22,0.1837179479274519,0.1799439577290527,FALSE_REAL_AI,45,0.1675446626217522,0.1717641975792066,0.2590722062019848,0.1062346234623462,0.2928132190162408
AI_correct_vs_falseREAL,GPT-Image-1,mean_saturation,CORRECT_CONFIDENT_AI,22,0.3944606891051874,0.4249722154486794,FALSE_REAL_AI,45,0.4905390611105553,0.4551163434123649,-0.4044861654272574,-0.2059525952595259,0.0398089062202843
AI_correct_vs_falseREAL,GPT-Image-1,edge_density,CORRECT_CONFIDENT_AI,22,0.0699048440398886,0.0607959980867346,FALSE_REAL_AI,45,0.112461468962585,0.102180325255102,-0.7771485332831012,-0.3896909690969096,6.135325626591344e-05
AI_correct_vs_falseREAL,GPT-Image-1,sharpness,CORRECT_CONFIDENT_AI,22,868.1367733127296,866.9569192077656,FALSE_REAL_AI,45,1787.8478993299802,996.8201148661908,-0.5537820382170623,-0.2094809480948094,0.036461739831545
AI_correct_vs_falseREAL,GPT-Image-1,entropy,CORRECT_CONFIDENT_AI,22,6.609239961626198,6.7717951819895426,FALSE_REAL_AI,45,6.729877652608045,7.053191407363656,-0.1320778773088005,-0.1501950195019502,0.1358193198503368
AI_correct_vs_falseREAL,GPT-Image-1,high_frequency_ratio,CORRECT_CONFIDENT_AI,22,0.1129072965086421,0.0967577787880264,FALSE_REAL_AI,45,0.1850693189643618,0.1346773985680455,-0.5704728522722825,-0.233099309930993,0.0195991135844676
AI_correct_vs_falseREAL,GPT-Image-1,width,CORRECT_CONFIDENT_AI,22,1024.0,1024.0,FALSE_REAL_AI,45,1024.0,1024.0,0.0,,
AI_correct_vs_falseREAL,GPT-Image-1,height,CORRECT_CONFIDENT_AI,22,1024.0,1024.0,FALSE_REAL_AI,45,1024.0,1024.0,0.0,,
AI_correct_vs_falseREAL,GPT-Image-1,aspect_ratio,CORRECT_CONFIDENT_AI,22,1.0,1.0,FALSE_REAL_AI,45,1.0,1.0,0.0,,
AI_correct_vs_falseREAL,GPT-Image-1.5,mean_brightness,CORRECT_CONFIDENT_AI,9,0.5934081592272326,0.6119672526041666,FALSE_REAL_AI,69,0.4863130804948791,0.4561655827174619,0.5841416351015536,0.3205160516051605,0.0011496652973968
AI_correct_vs_falseREAL,GPT-Image-1.5,std_brightness,CORRECT_CONFIDENT_AI,9,0.2276276292966945,0.2276476052268461,FALSE_REAL_AI,69,0.2089789254093813,0.206546000743259,0.4134624771894967,0.1025982598259826,0.3097403824771019
AI_correct_vs_falseREAL,GPT-Image-1.5,mean_saturation,CORRECT_CONFIDENT_AI,9,0.2208551476146013,0.2007155987394957,FALSE_REAL_AI,69,0.3446554210452297,0.3437825130052021,-0.6500120955344266,-0.1722532253225322,0.0865819649014329
AI_correct_vs_falseREAL,GPT-Image-1.5,edge_density,CORRECT_CONFIDENT_AI,9,0.0862740929705215,0.0776466836734693,FALSE_REAL_AI,69,0.1993241760019225,0.211196588010204,-1.5773653531764025,-0.4600420042004199,1.4690854358584396e-06
AI_correct_vs_falseREAL,GPT-Image-1.5,sharpness,CORRECT_CONFIDENT_AI,9,1554.485304624944,919.0385441901236,FALSE_REAL_AI,69,3558.267951849177,2629.566296934535,-0.6333872634711953,-0.3502790279027902,0.0003534051992829
AI_correct_vs_falseREAL,GPT-Image-1.5,entropy,CORRECT_CONFIDENT_AI,9,6.812007528792353,6.936304856479621,FALSE_REAL_AI,69,7.2688533881280435,7.573857401821968,-0.4760007324494462,-0.1908550855085508,0.0571608110636508
AI_correct_vs_falseREAL,GPT-Image-1.5,high_frequency_ratio,CORRECT_CONFIDENT_AI,9,0.111798110695633,0.0855149225768951,FALSE_REAL_AI,69,0.2316390085378296,0.2026220695463491,-1.04181329948206,-0.2881128112811281,0.0036513554644843
AI_correct_vs_falseREAL,GPT-Image-1.5,width,CORRECT_CONFIDENT_AI,9,1024.0,1024.0,FALSE_REAL_AI,69,1024.0,1024.0,0.0,,
AI_correct_vs_falseREAL,GPT-Image-1.5,height,CORRECT_CONFIDENT_AI,9,1024.0,1024.0,FALSE_REAL_AI,69,1024.0,1024.0,0.0,,
AI_correct_vs_falseREAL,GPT-Image-1.5,aspect_ratio,CORRECT_CONFIDENT_AI,9,1.0,1.0,FALSE_REAL_AI,69,1.0,1.0,0.0,,
AI_correct_vs_falseREAL,HunyuanImage-3.0,mean_brightness,CORRECT_CONFIDENT_AI,16,0.5850825561865372,0.5738002921481092,FALSE_REAL_AI,56,0.4447803678056043,0.4370421890240471,1.1771514602184805,0.3513951395139514,0.0003373319586824
AI_correct_vs_falseREAL,HunyuanImage-3.0,std_brightness,CORRECT_CONFIDENT_AI,16,0.2083658172246576,0.2088555029563175,FALSE_REAL_AI,56,0.2233099993366574,0.2230812188598596,-0.4802996047980278,-0.0423402340234023,0.6757520782620889
AI_correct_vs_falseREAL,HunyuanImage-3.0,mean_saturation,CORRECT_CONFIDENT_AI,16,0.2428098241249624,0.2070240987019807,FALSE_REAL_AI,56,0.3324152735871134,0.3361376581882753,-0.7586471880940437,-0.1785658565856585,0.0754820888478165
AI_correct_vs_falseREAL,HunyuanImage-3.0,edge_density,CORRECT_CONFIDENT_AI,16,0.0924732441804846,0.0753447863520408,FALSE_REAL_AI,56,0.1808519724854227,0.1856664540816326,-1.970261439108879,-0.6123750746354433,1.2860204965134126e-11
AI_correct_vs_falseREAL,HunyuanImage-3.0,sharpness,CORRECT_CONFIDENT_AI,16,1213.4895685158488,889.1421585762216,FALSE_REAL_AI,56,2714.415011934063,2556.3237397203043,-1.4666762292728148,-0.6141734173417341,1.0784522073009838e-11
AI_correct_vs_falseREAL,HunyuanImage-3.0,entropy,CORRECT_CONFIDENT_AI,16,7.127664761395067,7.313438113177752,FALSE_REAL_AI,56,7.612131396464844,7.6728329025551325,-1.4244171760282565,-0.2916531653165315,0.0032383800037743
AI_correct_vs_falseREAL,HunyuanImage-3.0,high_frequency_ratio,CORRECT_CONFIDENT_AI,16,0.1044978069666787,0.0801857029008415,FALSE_REAL_AI,56,0.168432645562043,0.1660235071934916,-1.046393690387101,-0.5416621662166217,5.904144358849621e-09
AI_correct_vs_falseREAL,HunyuanImage-3.0,width,CORRECT_CONFIDENT_AI,16,1024.0,1024.0,FALSE_REAL_AI,56,1024.0,1024.0,0.0,,
AI_correct_vs_falseREAL,HunyuanImage-3.0,height,CORRECT_CONFIDENT_AI,16,1024.0,1024.0,FALSE_REAL_AI,56,1024.0,1024.0,0.0,,
AI_correct_vs_falseREAL,HunyuanImage-3.0,aspect_ratio,CORRECT_CONFIDENT_AI,16,1.0,1.0,FALSE_REAL_AI,56,1.0,1.0,0.0,,
AI_correct_vs_falseREAL,Imagen-4.0,mean_brightness,CORRECT_CONFIDENT_AI,15,0.5598489906743948,0.5887846422162615,FALSE_REAL_AI,45,0.4216233905141917,0.3422511073960834,0.6605920223143024,0.2965976597659766,0.002731713515567
AI_correct_vs_falseREAL,Imagen-4.0,std_brightness,CORRECT_CONFIDENT_AI,15,0.2197635883245839,0.2308305519261215,FALSE_REAL_AI,45,0.2273862928892759,0.2219940088638302,-0.155539563956096,0.0489888988898889,0.6283712127697808
AI_correct_vs_falseREAL,Imagen-4.0,mean_saturation,CORRECT_CONFIDENT_AI,15,0.2715684242446979,0.2619128119997999,FALSE_REAL_AI,45,0.356230217781557,0.3365394595338135,-0.4409970347567885,-0.1346054605460546,0.1818054301945878
AI_correct_vs_falseREAL,Imagen-4.0,edge_density,CORRECT_CONFIDENT_AI,15,0.1140545280612244,0.0832868303571428,FALSE_REAL_AI,45,0.152055431547619,0.1421595982142857,-0.5492058822317522,-0.3545634563456345,0.000295301114107
AI_correct_vs_falseREAL,Imagen-4.0,sharpness,CORRECT_CONFIDENT_AI,15,1758.138354767102,1114.128547854346,FALSE_REAL_AI,45,3060.324696793584,2484.5924705777848,-0.7056934934955039,-0.3931713171317131,5.198853450329231e-05
AI_correct_vs_falseREAL,Imagen-4.0,entropy,CORRECT_CONFIDENT_AI,15,7.143894605162765,7.446273258627398,FALSE_REAL_AI,45,6.826897085348956,7.331305419274014,0.2359920810140817,0.0762436243624362,0.4508798984546395
AI_correct_vs_falseREAL,Imagen-4.0,high_frequency_ratio,CORRECT_CONFIDENT_AI,15,0.1230421916644346,0.0999020873495643,FALSE_REAL_AI,45,0.1761868377365951,0.1517689332406131,-0.5288825517138221,-0.322100210021002,0.0010828654052585
AI_correct_vs_falseREAL,Imagen-4.0,width,CORRECT_CONFIDENT_AI,15,1024.0,1024.0,FALSE_REAL_AI,45,1024.0,1024.0,0.0,,
AI_correct_vs_falseREAL,Imagen-4.0,height,CORRECT_CONFIDENT_AI,15,1024.0,1024.0,FALSE_REAL_AI,45,1024.0,1024.0,0.0,,
AI_correct_vs_falseREAL,Imagen-4.0,aspect_ratio,CORRECT_CONFIDENT_AI,15,1.0,1.0,FALSE_REAL_AI,45,1.0,1.0,0.0,,
AI_correct_vs_falseREAL,Imagen-4.0-Ultra,mean_brightness,CORRECT_CONFIDENT_AI,24,0.5036849021802731,0.5033107930672268,FALSE_REAL_AI,47,0.4382171376196756,0.3900777006896508,0.3067451176862287,0.1689648964896489,0.0928578024826779
AI_correct_vs_falseREAL,Imagen-4.0-Ultra,std_brightness,CORRECT_CONFIDENT_AI,24,0.2271578668200001,0.2306034972758584,FALSE_REAL_AI,47,0.2195439116384469,0.2241530773013851,0.1547007278065398,0.1161956195619561,0.2496285836223749
AI_correct_vs_falseREAL,Imagen-4.0-Ultra,mean_saturation,CORRECT_CONFIDENT_AI,24,0.3464248752886571,0.4008179052871148,FALSE_REAL_AI,47,0.3659535157147965,0.3927563994347738,-0.1018926022877223,-0.0718631863186318,0.4773840406615626
AI_correct_vs_falseREAL,Imagen-4.0-Ultra,edge_density,CORRECT_CONFIDENT_AI,24,0.0858420028167517,0.0769292091836734,FALSE_REAL_AI,47,0.1651446482848458,0.1772361288265306,-1.2906807814760686,-0.4466166812363447,3.198167737053958e-06
AI_correct_vs_falseREAL,Imagen-4.0-Ultra,sharpness,CORRECT_CONFIDENT_AI,24,1298.2565275704912,1241.472910331319,FALSE_REAL_AI,47,3130.9139838925826,2491.472492492482,-1.141505998936831,-0.4873927392739274,2.70810766643483e-07
AI_correct_vs_falseREAL,Imagen-4.0-Ultra,entropy,CORRECT_CONFIDENT_AI,24,6.94947248945171,7.314744142960982,FALSE_REAL_AI,47,7.020348245144302,7.310326757075829,-0.0779951202403853,0.0644704470447044,0.5239539387035201
AI_correct_vs_falseREAL,Imagen-4.0-Ultra,high_frequency_ratio,CORRECT_CONFIDENT_AI,24,0.0980887672850265,0.0847427759483269,FALSE_REAL_AI,47,0.1872725982740474,0.1564793564445389,-0.9907986986267318,-0.4057365736573657,2.8147200916320056e-05
AI_correct_vs_falseREAL,Imagen-4.0-Ultra,width,CORRECT_CONFIDENT_AI,24,1024.0,1024.0,FALSE_REAL_AI,47,1024.0,1024.0,0.0,,
AI_correct_vs_falseREAL,Imagen-4.0-Ultra,height,CORRECT_CONFIDENT_AI,24,1024.0,1024.0,FALSE_REAL_AI,47,1024.0,1024.0,0.0,,
AI_correct_vs_falseREAL,Imagen-4.0-Ultra,aspect_ratio,CORRECT_CONFIDENT_AI,24,1.0,1.0,FALSE_REAL_AI,47,1.0,1.0,0.0,,
AI_correct_vs_falseREAL,Midjourney,mean_brightness,CORRECT_CONFIDENT_AI,186,0.4850957133764964,0.4754526568830657,FALSE_REAL_AI,42,0.4857751332582885,0.499930689971301,-0.0033383656181875,0.1268828732243366,0.0319477568312742
AI_correct_vs_falseREAL,Midjourney,std_brightness,CORRECT_CONFIDENT_AI,186,0.2275110607197539,0.2244692871307861,FALSE_REAL_AI,42,0.1958637718529101,0.1836715751427294,0.5036723718241078,0.2091420774347603,0.0003696102220623
AI_correct_vs_falseREAL,Midjourney,mean_saturation,CORRECT_CONFIDENT_AI,186,0.2952812345536332,0.2865094084508803,FALSE_REAL_AI,42,0.3390182263381543,0.3403288659213686,-0.2544517131539589,-0.1623318914718144,0.0059317205428446
AI_correct_vs_falseREAL,Midjourney,edge_density,CORRECT_CONFIDENT_AI,186,0.0779674899193548,0.0687081473214285,FALSE_REAL_AI,42,0.1114533983236151,0.1040437659438775,-0.7267172234638197,-0.1956852881061625,0.0008776472172169
AI_correct_vs_falseREAL,Midjourney,sharpness,CORRECT_CONFIDENT_AI,186,903.3212469750824,631.4862742008938,FALSE_REAL_AI,42,1553.7681908104553,1192.9913370731422,-0.4904738659350418,-0.2809778155092661,1.3751062806948951e-06
AI_correct_vs_falseREAL,Midjourney,entropy,CORRECT_CONFIDENT_AI,186,6.533974716306707,7.124153580823275,FALSE_REAL_AI,42,6.954869106527785,7.206500412020064,-0.3352208943752321,-0.0345746679507911,0.560348381064204
AI_correct_vs_falseREAL,Midjourney,high_frequency_ratio,CORRECT_CONFIDENT_AI,186,0.0644098468292879,0.0538442071130715,FALSE_REAL_AI,42,0.1413827584164805,0.1218904419138986,-1.2173307131498206,-0.4359971222615638,1.0639538570549084e-14
AI_correct_vs_falseREAL,Midjourney,width,CORRECT_CONFIDENT_AI,186,1024.0,1024.0,FALSE_REAL_AI,42,1024.0,1024.0,0.0,,
AI_correct_vs_falseREAL,Midjourney,height,CORRECT_CONFIDENT_AI,186,1024.0,1024.0,FALSE_REAL_AI,42,1024.0,1024.0,0.0,,
AI_correct_vs_falseREAL,Midjourney,aspect_ratio,CORRECT_CONFIDENT_AI,186,1.0,1.0,FALSE_REAL_AI,42,1.0,1.0,0.0,,
AI_correct_vs_falseREAL,Nano Banana 2,mean_brightness,CORRECT_CONFIDENT_AI,62,0.4807825885432297,0.5035162896017782,FALSE_REAL_AI,491,0.5772079306795911,0.6058212037940176,-0.7052327690360106,-0.3091202195983403,1.5367148815353914e-17
AI_correct_vs_falseREAL,Nano Banana 2,std_brightness,CORRECT_CONFIDENT_AI,62,0.2266755100256766,0.2213969949667376,FALSE_REAL_AI,491,0.2221717163094072,0.2128736095741673,0.0663392175666326,0.0989915434430786,0.0076025565868336
AI_correct_vs_falseREAL,Nano Banana 2,mean_saturation,CORRECT_CONFIDENT_AI,62,0.3417064129079051,0.3507130195828331,FALSE_REAL_AI,491,0.1959944901140191,0.1644105298369348,1.1304023486084769,0.368962630092282,7.850854389999492e-25
AI_correct_vs_falseREAL,Nano Banana 2,edge_density,CORRECT_CONFIDENT_AI,62,0.1321451715766952,0.1237444196428571,FALSE_REAL_AI,491,0.1387749338215428,0.1277901785714285,-0.1387530056639827,-0.085082421140115,0.0218651709915908
AI_correct_vs_falseREAL,Nano Banana 2,sharpness,CORRECT_CONFIDENT_AI,62,2325.7622175782167,1042.6091364668289,FALSE_REAL_AI,491,4741.334431983982,3945.3443923753184,-0.7859933441955419,-0.2314960309410077,2.7417845126522305e-10
AI_correct_vs_falseREAL,Nano Banana 2,entropy,CORRECT_CONFIDENT_AI,62,7.233973378822285,7.390008736385835,FALSE_REAL_AI,491,6.723627005862776,6.872278187627657,0.6653221951313736,0.1084706154850485,0.0034304602041434
AI_correct_vs_falseREAL,Nano Banana 2,high_frequency_ratio,CORRECT_CONFIDENT_AI,62,0.1139280592092801,0.0927964960905784,FALSE_REAL_AI,491,0.2269015870045929,0.1915193202632724,-0.8000642269135814,-0.204369494428271,2.7624077883620384e-08
AI_correct_vs_falseREAL,Nano Banana 2,width,CORRECT_CONFIDENT_AI,62,1062.2903225806451,1104.0,FALSE_REAL_AI,491,959.714867617108,896.0,0.5844506094439844,0.2499786526174362,8.334052478055874e-12
AI_correct_vs_falseREAL,Nano Banana 2,height,CORRECT_CONFIDENT_AI,62,1001.016129032258,972.5,FALSE_REAL_AI,491,1104.7983706720977,1193.0,-0.5019430157946817,-0.3236919585019961,3.597626792665896e-19
AI_correct_vs_falseREAL,Nano Banana 2,aspect_ratio,CORRECT_CONFIDENT_AI,62,1.114243084041043,1.1323076923076922,FALSE_REAL_AI,491,0.9198806118495574,0.7510477787091366,0.5953376531826307,0.2487162318649094,1.0678362230985147e-11
AI_correct_vs_falseREAL,Qwen-Image,mean_brightness,CORRECT_CONFIDENT_AI,19,0.497760348744761,0.5222991233212034,FALSE_REAL_AI,53,0.4691813806374554,0.4581130888292816,0.1824435476532731,0.0999099909990999,0.3226552983690486
AI_correct_vs_falseREAL,Qwen-Image,std_brightness,CORRECT_CONFIDENT_AI,19,0.2517273268013583,0.2426418692664317,FALSE_REAL_AI,53,0.2576174016376305,0.2589972642575212,-0.1234602170374546,-0.1067506750675067,0.2904615390926945
AI_correct_vs_falseREAL,Qwen-Image,mean_saturation,CORRECT_CONFIDENT_AI,19,0.3248863978157052,0.2897958402110844,FALSE_REAL_AI,53,0.337261321096835,0.3177134916466587,-0.0775357817278921,-0.0464086408640864,0.6465940779607559
AI_correct_vs_falseREAL,Qwen-Image,edge_density,CORRECT_CONFIDENT_AI,19,0.1187336365467239,0.1115672831632653,FALSE_REAL_AI,53,0.1715079899884481,0.1757015306122449,-1.0882778990441218,-0.5419638222761335,5.768768772387428e-09
AI_correct_vs_falseREAL,Qwen-Image,sharpness,CORRECT_CONFIDENT_AI,19,2183.750832155337,2103.3431967366296,FALSE_REAL_AI,53,3644.755180418795,3138.7979864857684,-0.79265792367291,-0.5066306630663066,7.524992977126554e-08
AI_correct_vs_falseREAL,Qwen-Image,entropy,CORRECT_CONFIDENT_AI,19,7.214008921292267,7.4303150910926625,FALSE_REAL_AI,53,7.473736330133276,7.641827111508231,-0.4893543084546352,-0.159003900390039,0.1140797261118919
AI_correct_vs_falseREAL,Qwen-Image,high_frequency_ratio,CORRECT_CONFIDENT_AI,19,0.129818792841162,0.0971094946290332,FALSE_REAL_AI,53,0.183405765480536,0.176189383316262,-0.6753875912640396,-0.432115211521152,7.145989040885213e-06
AI_correct_vs_falseREAL,Qwen-Image,width,CORRECT_CONFIDENT_AI,19,1024.0,1024.0,FALSE_REAL_AI,53,1024.0,1024.0,0.0,,
AI_correct_vs_falseREAL,Qwen-Image,height,CORRECT_CONFIDENT_AI,19,1024.0,1024.0,FALSE_REAL_AI,53,1024.0,1024.0,0.0,,
AI_correct_vs_falseREAL,Qwen-Image,aspect_ratio,CORRECT_CONFIDENT_AI,19,1.0,1.0,FALSE_REAL_AI,53,1.0,1.0,0.0,,
AI_correct_vs_falseREAL,Qwen-Image-2.0-pro,mean_brightness,CORRECT_CONFIDENT_AI,18,0.5301542566636029,0.5451353680925495,FALSE_REAL_AI,53,0.4332762150968877,0.4103624894489045,0.6789541249593731,0.2682388238823882,0.0069694023336484
AI_correct_vs_falseREAL,Qwen-Image-2.0-pro,std_brightness,CORRECT_CONFIDENT_AI,18,0.2164443844177751,0.2189901261653054,FALSE_REAL_AI,53,0.2036042189069347,0.2059374191147804,0.3164754293260096,0.0609780978097809,0.546724413652355
AI_correct_vs_falseREAL,Qwen-Image-2.0-pro,mean_saturation,CORRECT_CONFIDENT_AI,18,0.2851927142384731,0.3051239245698279,FALSE_REAL_AI,53,0.3147788950485854,0.2901235494197679,-0.2014397132438792,-0.0958775877587758,0.3426663840783631
AI_correct_vs_falseREAL,Qwen-Image-2.0-pro,edge_density,CORRECT_CONFIDENT_AI,18,0.1012403008078231,0.0851702008928571,FALSE_REAL_AI,53,0.1605067144782441,0.1589006696428571,-1.0305389143148451,-0.4794719471947194,4.486785844137153e-07
AI_correct_vs_falseREAL,Qwen-Image-2.0-pro,sharpness,CORRECT_CONFIDENT_AI,18,1259.9987126771036,1186.999817151519,FALSE_REAL_AI,53,2173.0706060891102,1689.007070201777,-0.7082482943746905,-0.3316771677167716,0.0007488824780719
AI_correct_vs_falseREAL,Qwen-Image-2.0-pro,entropy,CORRECT_CONFIDENT_AI,18,7.471661424885672,7.514033843615373,FALSE_REAL_AI,53,7.3482465089241265,7.538477635766005,0.2576923738816644,-0.0578217821782178,0.5677105010568558
AI_correct_vs_falseREAL,Qwen-Image-2.0-pro,high_frequency_ratio,CORRECT_CONFIDENT_AI,18,0.0883587362764675,0.0789612524849157,FALSE_REAL_AI,53,0.1626771727156597,0.1441847840689681,-0.9630111483213558,-0.357023702370237,0.000266054905391
AI_correct_vs_falseREAL,Qwen-Image-2.0-pro,width,CORRECT_CONFIDENT_AI,18,1024.0,1024.0,FALSE_REAL_AI,53,1024.0,1024.0,0.0,,
AI_correct_vs_falseREAL,Qwen-Image-2.0-pro,height,CORRECT_CONFIDENT_AI,18,1024.0,1024.0,FALSE_REAL_AI,53,1024.0,1024.0,0.0,,
AI_correct_vs_falseREAL,Qwen-Image-2.0-pro,aspect_ratio,CORRECT_CONFIDENT_AI,18,1.0,1.0,FALSE_REAL_AI,53,1.0,1.0,0.0,,
AI_correct_vs_falseREAL,Qwen-Image-2512,mean_brightness,CORRECT_CONFIDENT_AI,18,0.4994157836832649,0.4593294029330482,FALSE_REAL_AI,54,0.4002276504728048,0.3629667195003001,0.7037885885919909,0.2999939993999399,0.0024262447533809
AI_correct_vs_falseREAL,Qwen-Image-2512,std_brightness,CORRECT_CONFIDENT_AI,18,0.2489983478479399,0.2455173366163065,FALSE_REAL_AI,54,0.2385393841081176,0.2371722880494442,0.2310435898992254,0.0896969696969696,0.3748187854185114
AI_correct_vs_falseREAL,Qwen-Image-2512,mean_saturation,CORRECT_CONFIDENT_AI,18,0.3181703280270442,0.3230860703656463,FALSE_REAL_AI,54,0.3885394551339055,0.3734996342286915,-0.4852732438613363,-0.1341734173417341,0.1832246159940403
AI_correct_vs_falseREAL,Qwen-Image-2512,edge_density,CORRECT_CONFIDENT_AI,18,0.1040769823554421,0.0942582110969387,FALSE_REAL_AI,54,0.1783573672524565,0.1737185108418367,-1.289147523059351,-0.5237803780378038,2.2438754734908553e-08
AI_correct_vs_falseREAL,Qwen-Image-2512,sharpness,CORRECT_CONFIDENT_AI,18,2100.311683531455,1297.9637655536617,FALSE_REAL_AI,54,3157.0663652938233,2786.7479710725884,-0.6162502488837797,-0.3938193819381937,5.039932448689093e-05
AI_correct_vs_falseREAL,Qwen-Image-2512,entropy,CORRECT_CONFIDENT_AI,18,6.947300025865818,7.35158647037562,FALSE_REAL_AI,54,7.466645518163856,7.603474149197909,-0.9139862885319704,-0.2078607860786078,0.0379681711481236
AI_correct_vs_falseREAL,Qwen-Image-2512,high_frequency_ratio,CORRECT_CONFIDENT_AI,18,0.1087290768963038,0.0846991510589017,FALSE_REAL_AI,54,0.1688993856635409,0.1498310261286685,-0.7667664704763179,-0.411029102910291,2.1575170481637416e-05
AI_correct_vs_falseREAL,Qwen-Image-2512,width,CORRECT_CONFIDENT_AI,18,1024.0,1024.0,FALSE_REAL_AI,54,1024.0,1024.0,0.0,,
AI_correct_vs_falseREAL,Qwen-Image-2512,height,CORRECT_CONFIDENT_AI,18,1024.0,1024.0,FALSE_REAL_AI,54,1024.0,1024.0,0.0,,
AI_correct_vs_falseREAL,Qwen-Image-2512,aspect_ratio,CORRECT_CONFIDENT_AI,18,1.0,1.0,FALSE_REAL_AI,54,1.0,1.0,0.0,,
AI_correct_vs_falseREAL,SD15,mean_brightness,CORRECT_CONFIDENT_AI,33,0.4449579086677285,0.4519799895739546,FALSE_REAL_AI,6,0.4162689847553604,0.4165870848339336,0.5847696584951632,0.2170080373347161,0.1049180352638233
AI_correct_vs_falseREAL,SD15,std_brightness,CORRECT_CONFIDENT_AI,33,0.1738595361274142,0.1758324353305386,FALSE_REAL_AI,6,0.2088798839629236,0.195023003603079,-0.6701637699916783,-0.3469665543168266,0.0081884145676075
AI_correct_vs_falseREAL,SD15,mean_saturation,CORRECT_CONFIDENT_AI,33,0.3583836754398729,0.3420957445478191,FALSE_REAL_AI,6,0.3082175318043884,0.3401650894732893,0.3900497084393844,-0.0275473165672802,0.8388157076059344
AI_correct_vs_falseREAL,SD15,edge_density,CORRECT_CONFIDENT_AI,33,0.1278584231988249,0.1069435586734693,FALSE_REAL_AI,6,0.2150430484693878,0.2005141900510204,-1.1283012858319854,-0.4999108749501778,7.516014577891932e-05
AI_correct_vs_falseREAL,SD15,sharpness,CORRECT_CONFIDENT_AI,33,2678.6171709472933,2929.8824291137894,FALSE_REAL_AI,6,3466.13716923229,2986.3570792874607,-0.467980110333221,-0.219276639875551,0.1012469383962229
AI_correct_vs_falseREAL,SD15,entropy,CORRECT_CONFIDENT_AI,33,6.810171489756006,7.0864780232407565,FALSE_REAL_AI,6,7.561831360625392,7.526396002112416,-0.9611275637597368,-0.4487295825771326,0.0004636272651308
AI_correct_vs_falseREAL,SD15,high_frequency_ratio,CORRECT_CONFIDENT_AI,33,0.2344694318286971,0.2165813366478425,FALSE_REAL_AI,6,0.238360469998952,0.2402116144372862,-0.0370744858925379,0.0022037853253824,0.9870193002442644
AI_correct_vs_falseREAL,SD15,width,CORRECT_CONFIDENT_AI,33,512.0,512.0,FALSE_REAL_AI,6,512.0,512.0,0.0,,
AI_correct_vs_falseREAL,SD15,height,CORRECT_CONFIDENT_AI,33,512.0,512.0,FALSE_REAL_AI,6,512.0,512.0,0.0,,
AI_correct_vs_falseREAL,SD15,aspect_ratio,CORRECT_CONFIDENT_AI,33,1.0,1.0,FALSE_REAL_AI,6,1.0,1.0,0.0,,
AI_correct_vs_falseREAL,Seedream-4.0,mean_brightness,CORRECT_CONFIDENT_AI,11,0.462225428140006,0.4580130858593437,FALSE_REAL_AI,67,0.4832510358247777,0.4335919903117496,-0.1126107516013427,0.0201260126012601,0.8424583852137904
AI_correct_vs_falseREAL,Seedream-4.0,std_brightness,CORRECT_CONFIDENT_AI,11,0.256393520501248,0.246876672812082,FALSE_REAL_AI,67,0.2307325492211581,0.241450523382165,0.531783774993944,0.0646144614461446,0.5230253350016482
AI_correct_vs_falseREAL,Seedream-4.0,mean_saturation,CORRECT_CONFIDENT_AI,11,0.4064671323074685,0.4151728660214085,FALSE_REAL_AI,67,0.4121042050215608,0.3883476046668667,-0.0275885652960247,-0.0565256525652565,0.5764369481752184
AI_correct_vs_falseREAL,Seedream-4.0,edge_density,CORRECT_CONFIDENT_AI,11,0.0926121869202226,0.0893255739795918,FALSE_REAL_AI,67,0.1458909414978678,0.1509088010204081,-0.9316825560087492,-0.4537053705370536,2.1296122948006276e-06
AI_correct_vs_falseREAL,Seedream-4.0,sharpness,CORRECT_CONFIDENT_AI,11,1276.3073037862373,1241.473433081481,FALSE_REAL_AI,67,2802.1752034344727,2211.931746462592,-0.8017461491131451,-0.4405400540054004,4.499519385814021e-06
AI_correct_vs_falseREAL,Seedream-4.0,entropy,CORRECT_CONFIDENT_AI,11,7.38440543665105,7.381318857662881,FALSE_REAL_AI,67,7.212623072105762,7.568017290039008,0.2238440343932106,-0.1580078007800779,0.1163934868940842
AI_correct_vs_falseREAL,Seedream-4.0,high_frequency_ratio,CORRECT_CONFIDENT_AI,11,0.1049390773099953,0.0950934769133309,FALSE_REAL_AI,67,0.175970101256646,0.1475809771471391,-0.7013448495341691,-0.3354815481548154,0.000644683269241
AI_correct_vs_falseREAL,Seedream-4.0,width,CORRECT_CONFIDENT_AI,11,1024.0,1024.0,FALSE_REAL_AI,67,1024.0,1024.0,0.0,,
AI_correct_vs_falseREAL,Seedream-4.0,height,CORRECT_CONFIDENT_AI,11,1024.0,1024.0,FALSE_REAL_AI,67,1024.0,1024.0,0.0,,
AI_correct_vs_falseREAL,Seedream-4.0,aspect_ratio,CORRECT_CONFIDENT_AI,11,1.0,1.0,FALSE_REAL_AI,67,1.0,1.0,0.0,,
AI_correct_vs_falseREAL,Seedream-4.5,mean_brightness,CORRECT_CONFIDENT_AI,14,0.5117935986503978,0.4963767815329256,FALSE_REAL_AI,62,0.4634139583807313,0.4275245787377451,0.2744546312610763,0.175085508550855,0.0814510901379445
AI_correct_vs_falseREAL,Seedream-4.5,std_brightness,CORRECT_CONFIDENT_AI,14,0.251291816410209,0.2427381423154446,FALSE_REAL_AI,62,0.2213769858621962,0.2247916511445875,0.6064615271812654,0.1841224122412241,0.0666856393087266
AI_correct_vs_falseREAL,Seedream-4.5,mean_saturation,CORRECT_CONFIDENT_AI,14,0.3262043210141199,0.2811031443827531,FALSE_REAL_AI,62,0.3656333891923705,0.3524652048319328,-0.2122130513366899,-0.0506570657065706,0.616706617373528
AI_correct_vs_falseREAL,Seedream-4.5,edge_density,CORRECT_CONFIDENT_AI,14,0.0876657024416909,0.0876215720663265,FALSE_REAL_AI,62,0.1270084142527979,0.1241729113520408,-0.8459799754561907,-0.2523372337233723,0.0113163432605271
AI_correct_vs_falseREAL,Seedream-4.5,sharpness,CORRECT_CONFIDENT_AI,14,1191.8007691411678,1075.2956609942426,FALSE_REAL_AI,62,2056.4362444118715,1375.086003329743,-0.5159927017353083,-0.2114731473147314,0.0346784352690833
AI_correct_vs_falseREAL,Seedream-4.5,entropy,CORRECT_CONFIDENT_AI,14,7.388898692222412,7.5905189548540495,FALSE_REAL_AI,62,7.263532916973817,7.512587839766802,0.2032262604373879,0.0131413141314131,0.8967511357281731
AI_correct_vs_falseREAL,Seedream-4.5,high_frequency_ratio,CORRECT_CONFIDENT_AI,14,0.0785249691691142,0.0631884614576493,FALSE_REAL_AI,62,0.1447234690992712,0.1235644508026975,-0.7127290702549954,-0.2434083408340834,0.014674958509057
AI_correct_vs_falseREAL,Seedream-4.5,width,CORRECT_CONFIDENT_AI,14,1024.0,1024.0,FALSE_REAL_AI,62,1024.0,1024.0,0.0,,
AI_correct_vs_falseREAL,Seedream-4.5,height,CORRECT_CONFIDENT_AI,14,1024.0,1024.0,FALSE_REAL_AI,62,1024.0,1024.0,0.0,,
AI_correct_vs_falseREAL,Seedream-4.5,aspect_ratio,CORRECT_CONFIDENT_AI,14,1.0,1.0,FALSE_REAL_AI,62,1.0,1.0,0.0,,
AI_correct_vs_falseREAL,Seedream-5.0,mean_brightness,CORRECT_CONFIDENT_AI,22,0.5076682107892873,0.5091247200442677,FALSE_REAL_AI,48,0.5202253643042503,0.4549475537480617,-0.0647238715359591,0.0819921992199219,0.4173770026543386
AI_correct_vs_falseREAL,Seedream-5.0,std_brightness,CORRECT_CONFIDENT_AI,22,0.2035524367653942,0.1975885758835279,FALSE_REAL_AI,48,0.1929643240395921,0.1946125954587421,0.2034301156501476,0.1443984398439844,0.1517567603703749
AI_correct_vs_falseREAL,Seedream-5.0,mean_saturation,CORRECT_CONFIDENT_AI,22,0.3553036768684747,0.3835557660564225,FALSE_REAL_AI,48,0.3296453135290574,0.3341435793067226,0.1272654063764275,-0.0625742574257425,0.5362576724646948
AI_correct_vs_falseREAL,Seedream-5.0,edge_density,CORRECT_CONFIDENT_AI,22,0.0816471474953617,0.0790118781887755,FALSE_REAL_AI,48,0.1151006789434523,0.1206453284438775,-0.7679203053543515,-0.2663786378637863,0.0073868549926547
AI_correct_vs_falseREAL,Seedream-5.0,sharpness,CORRECT_CONFIDENT_AI,22,900.8141757316135,726.9519968759712,FALSE_REAL_AI,48,1941.3933916677704,1578.5150854876515,-0.8152434657275331,-0.3291569156915691,0.000826158482762
AI_correct_vs_falseREAL,Seedream-5.0,entropy,CORRECT_CONFIDENT_AI,22,7.092226892912671,7.345635727055237,FALSE_REAL_AI,48,6.905903395844888,7.453791568729184,0.1749293651346825,-0.0402640264026402,0.6908222649126914
AI_correct_vs_falseREAL,Seedream-5.0,high_frequency_ratio,CORRECT_CONFIDENT_AI,22,0.1032597116183187,0.0845316565936897,FALSE_REAL_AI,48,0.1858615130115178,0.1289695132359389,-0.6817764636564461,-0.3113231323132313,0.0016169543038607
AI_correct_vs_falseREAL,Seedream-5.0,width,CORRECT_CONFIDENT_AI,22,1024.0,1024.0,FALSE_REAL_AI,48,1024.0,1024.0,0.0,,
AI_correct_vs_falseREAL,Seedream-5.0,height,CORRECT_CONFIDENT_AI,22,1024.0,1024.0,FALSE_REAL_AI,48,1024.0,1024.0,0.0,,
AI_correct_vs_falseREAL,Seedream-5.0,aspect_ratio,CORRECT_CONFIDENT_AI,22,1.0,1.0,FALSE_REAL_AI,48,1.0,1.0,0.0,,
AI_correct_vs_falseREAL,VQDM,mean_brightness,CORRECT_CONFIDENT_AI,44,0.4492073820543842,0.4519294557276035,FALSE_REAL_AI,140,0.4253820104916966,0.429482819963923,0.1722327446534907,0.0998320434198862,0.0925384499847689
AI_correct_vs_falseREAL,VQDM,std_brightness,CORRECT_CONFIDENT_AI,44,0.1539584254954813,0.1395291623135083,FALSE_REAL_AI,140,0.145853082402316,0.1361789114004116,0.1368239037633482,0.0346690374118098,0.5599715560749676
AI_correct_vs_falseREAL,VQDM,mean_saturation,CORRECT_CONFIDENT_AI,44,0.3979462488120248,0.3417137558148259,FALSE_REAL_AI,140,0.3782894016981792,0.346040681897759,0.0844454162172687,-0.0161678943739729,0.7858037300859643
AI_correct_vs_falseREAL,VQDM,edge_density,CORRECT_CONFIDENT_AI,44,0.0978369774756493,0.0733617665816326,FALSE_REAL_AI,140,0.1357265283345481,0.1144870057397959,-0.3894735178697961,-0.1839029604436377,0.0018231316877003
AI_correct_vs_falseREAL,VQDM,sharpness,CORRECT_CONFIDENT_AI,44,862.0438168645651,516.4530009482613,FALSE_REAL_AI,140,1948.3900903813344,1207.621031106983,-0.524032064543703,-0.2793988813262349,1.6526294885231177e-06
AI_correct_vs_falseREAL,VQDM,entropy,CORRECT_CONFIDENT_AI,44,6.669794715764713,6.683007538641447,FALSE_REAL_AI,140,6.555641523059729,6.783280277819044,0.1450687781496066,0.0232739091894021,0.6956235104419211
AI_correct_vs_falseREAL,VQDM,high_frequency_ratio,CORRECT_CONFIDENT_AI,44,0.1555509871856155,0.082824128334286,FALSE_REAL_AI,140,0.2369990118974073,0.1811475171697265,-0.4624706795650323,-0.2344098451585478,6.449955815511183e-05
AI_correct_vs_falseREAL,VQDM,width,CORRECT_CONFIDENT_AI,44,256.0,256.0,FALSE_REAL_AI,140,256.0,256.0,0.0,,
AI_correct_vs_falseREAL,VQDM,height,CORRECT_CONFIDENT_AI,44,256.0,256.0,FALSE_REAL_AI,140,256.0,256.0,0.0,,
AI_correct_vs_falseREAL,VQDM,aspect_ratio,CORRECT_CONFIDENT_AI,44,1.0,1.0,FALSE_REAL_AI,140,1.0,1.0,0.0,,
AI_correct_vs_falseREAL,Wukong,mean_brightness,CORRECT_CONFIDENT_AI,211,0.4533214376979316,0.4504693140537464,FALSE_REAL_AI,25,0.470926589620223,0.4896577683417117,-0.3132346237056668,-0.1212081469309045,0.0408764527557645
AI_correct_vs_falseREAL,Wukong,std_brightness,CORRECT_CONFIDENT_AI,211,0.2307245820544315,0.2307669905684528,FALSE_REAL_AI,25,0.230301176950658,0.2301001818325478,0.0075734415868613,0.1060231095813008,0.0739294193932683
AI_correct_vs_falseREAL,Wukong,mean_saturation,CORRECT_CONFIDENT_AI,211,0.3475619157615652,0.342375387655062,FALSE_REAL_AI,25,0.3606918110994397,0.3235270670768307,-0.099718589356773,-0.0378068188297988,0.5249883704191649
AI_correct_vs_falseREAL,Wukong,edge_density,CORRECT_CONFIDENT_AI,211,0.1202860717005996,0.1088767538265306,FALSE_REAL_AI,25,0.1928786670918367,0.2017099808673469,-1.1158555003307156,-0.2516040120908403,1.721576349224799e-05
AI_correct_vs_falseREAL,Wukong,sharpness,CORRECT_CONFIDENT_AI,211,1803.598230013719,1453.049246603725,FALSE_REAL_AI,25,4096.705366723101,4373.770075408779,-1.6063383360329997,-0.3648493833816294,2.1167979344425815e-10
AI_correct_vs_falseREAL,Wukong,entropy,CORRECT_CONFIDENT_AI,211,7.273598416509239,7.380998434852494,FALSE_REAL_AI,25,7.264585436332459,7.4742166190986286,0.0179370857280237,0.0308418046001441,0.6041061828563934
AI_correct_vs_falseREAL,Wukong,high_frequency_ratio,CORRECT_CONFIDENT_AI,211,0.11833626351025,0.0989849828856439,FALSE_REAL_AI,25,0.2543034650822449,0.2182065947523423,-1.4790710630648705,-0.4535962925140093,7.1990504788083345e-16
AI_correct_vs_falseREAL,Wukong,width,CORRECT_CONFIDENT_AI,211,512.0,512.0,FALSE_REAL_AI,25,512.0,512.0,0.0,,
AI_correct_vs_falseREAL,Wukong,height,CORRECT_CONFIDENT_AI,211,512.0,512.0,FALSE_REAL_AI,25,512.0,512.0,0.0,,
AI_correct_vs_falseREAL,Wukong,aspect_ratio,CORRECT_CONFIDENT_AI,211,1.0,1.0,FALSE_REAL_AI,25,1.0,1.0,0.0,,
AI_correct_vs_falseREAL,gpt-image-2,mean_brightness,CORRECT_CONFIDENT_AI,8,0.5642222798494397,0.5403960676458083,FALSE_REAL_AI,70,0.4351086336923163,0.385750765188888,0.5967051733110267,0.2084968496849684,0.0373706570774452
AI_correct_vs_falseREAL,gpt-image-2,std_brightness,CORRECT_CONFIDENT_AI,8,0.2107837768202181,0.2403317667423519,FALSE_REAL_AI,70,0.1986986312968546,0.1973423329266912,0.202694403987501,0.1580078007800779,0.1163934868940842
AI_correct_vs_falseREAL,gpt-image-2,mean_saturation,CORRECT_CONFIDENT_AI,8,0.2601067673163015,0.2577908507152861,FALSE_REAL_AI,70,0.32738699051049,0.3156128857793117,-0.3655870272317577,-0.2124812481248124,0.0338043561972008
AI_correct_vs_falseREAL,gpt-image-2,edge_density,CORRECT_CONFIDENT_AI,8,0.0762042610012755,0.0663364955357142,FALSE_REAL_AI,70,0.1428073182397959,0.1426877391581632,-1.1423280963451607,-0.4859285928592859,2.975872843300353e-07
AI_correct_vs_falseREAL,gpt-image-2,sharpness,CORRECT_CONFIDENT_AI,8,1037.508969475954,1164.5060335430985,FALSE_REAL_AI,70,2210.653857589606,1782.7162362968163,-0.7796612293079369,-0.3263846384638463,0.0009195225711776
AI_correct_vs_falseREAL,gpt-image-2,entropy,CORRECT_CONFIDENT_AI,8,6.693319636795451,6.8073324922342175,FALSE_REAL_AI,70,6.989098290289218,7.27187926377362,-0.2924103176745374,-0.0095889588958895,0.9245640926108396
AI_correct_vs_falseREAL,gpt-image-2,high_frequency_ratio,CORRECT_CONFIDENT_AI,8,0.1061005528825037,0.078765792642434,FALSE_REAL_AI,70,0.1795025092853669,0.1553990568634658,-0.6327680367045887,-0.3599279927992798,0.0002349793963268
AI_correct_vs_falseREAL,gpt-image-2,width,CORRECT_CONFIDENT_AI,8,1024.0,1024.0,FALSE_REAL_AI,70,1024.0,1024.0,0.0,,
AI_correct_vs_falseREAL,gpt-image-2,height,CORRECT_CONFIDENT_AI,8,1024.0,1024.0,FALSE_REAL_AI,70,1024.0,1024.0,0.0,,
AI_correct_vs_falseREAL,gpt-image-2,aspect_ratio,CORRECT_CONFIDENT_AI,8,1.0,1.0,FALSE_REAL_AI,70,1.0,1.0,0.0,,
AI_correct_vs_falseREAL,kling_v2_1,mean_brightness,CORRECT_CONFIDENT_AI,28,0.4928994713342925,0.4583724291279011,FALSE_REAL_AI,36,0.4850711278608666,0.4552084570937749,0.0462451398857819,0.1095829582958295,0.2777778846130898
AI_correct_vs_falseREAL,kling_v2_1,std_brightness,CORRECT_CONFIDENT_AI,28,0.2058215040356643,0.1936939225913794,FALSE_REAL_AI,36,0.2047893233557203,0.2037447513717458,0.0238521836614967,-0.005064506450645,0.9601155000102944
AI_correct_vs_falseREAL,kling_v2_1,mean_saturation,CORRECT_CONFIDENT_AI,28,0.2968401674285785,0.2488070228091236,FALSE_REAL_AI,36,0.3159821784616625,0.3185402676695678,-0.1112197839832228,-0.0869846984698469,0.3894895068292302
AI_correct_vs_falseREAL,kling_v2_1,edge_density,CORRECT_CONFIDENT_AI,28,0.0982342155612244,0.1009446747448979,FALSE_REAL_AI,36,0.1552745447137188,0.1515365911989795,-1.154540794195183,-0.437083708370837,5.447963704457608e-06
AI_correct_vs_falseREAL,kling_v2_1,sharpness,CORRECT_CONFIDENT_AI,28,1644.3437598902076,1490.6395629968606,FALSE_REAL_AI,36,2795.730844810419,2513.5529978194863,-0.9286441564074152,-0.392067206720672,5.480420563144206e-05
AI_correct_vs_falseREAL,kling_v2_1,entropy,CORRECT_CONFIDENT_AI,28,7.069390561544577,7.2666276806657075,FALSE_REAL_AI,36,7.140040238824415,7.456885099329584,-0.1055624774150481,-0.1781578157815781,0.0761631631466834
AI_correct_vs_falseREAL,kling_v2_1,high_frequency_ratio,CORRECT_CONFIDENT_AI,28,0.1350369429933016,0.1335408108841574,FALSE_REAL_AI,36,0.2110751819753158,0.190671137604991,-0.8953654749494833,-0.3733693369336933,0.000130199751803
AI_correct_vs_falseREAL,kling_v2_1,width,CORRECT_CONFIDENT_AI,28,1024.0,1024.0,FALSE_REAL_AI,36,1024.0,1024.0,0.0,,
AI_correct_vs_falseREAL,kling_v2_1,height,CORRECT_CONFIDENT_AI,28,1024.0,1024.0,FALSE_REAL_AI,36,1024.0,1024.0,0.0,,
AI_correct_vs_falseREAL,kling_v2_1,aspect_ratio,CORRECT_CONFIDENT_AI,28,1.0,1.0,FALSE_REAL_AI,36,1.0,1.0,0.0,,
AI_correct_vs_falseREAL,nano-banana-2.0,mean_brightness,CORRECT_CONFIDENT_AI,5,0.654039904852566,0.6726946254282964,FALSE_REAL_AI,72,0.4572293597310886,0.425984853746186,1.2124048113681338,0.2329312931293129,0.0196899052806267
AI_correct_vs_falseREAL,nano-banana-2.0,std_brightness,CORRECT_CONFIDENT_AI,5,0.2251951782016562,0.2303594214346988,FALSE_REAL_AI,72,0.2297056707793485,0.2380451954513167,-0.098093566762456,0.0403480348034803,0.6902100917874614
AI_correct_vs_falseREAL,nano-banana-2.0,mean_saturation,CORRECT_CONFIDENT_AI,5,0.1988630295868347,0.154133450255102,FALSE_REAL_AI,72,0.3396293369778467,0.3416229773159264,-0.9015114597583068,-0.1109510951095109,0.27178608327661
AI_correct_vs_falseREAL,nano-banana-2.0,edge_density,CORRECT_CONFIDENT_AI,5,0.1012077487244897,0.0891661352040816,FALSE_REAL_AI,72,0.1994199860933957,0.192024075255102,-1.4358999271616335,-0.5104470447044703,5.7816843273376774e-08
AI_correct_vs_falseREAL,nano-banana-2.0,sharpness,CORRECT_CONFIDENT_AI,5,1892.801486563613,1248.52524568835,FALSE_REAL_AI,72,4223.539360027178,3550.1901237314223,-0.6889346935709192,-0.4348034803480348,6.173625496591415e-06
AI_correct_vs_falseREAL,nano-banana-2.0,entropy,CORRECT_CONFIDENT_AI,5,7.063276490891118,6.763742740418872,FALSE_REAL_AI,72,7.435480593933142,7.620430796420381,-0.745463657085384,-0.0837203720372037,0.4075950642746433
AI_correct_vs_falseREAL,nano-banana-2.0,high_frequency_ratio,CORRECT_CONFIDENT_AI,5,0.1009552093770394,0.0771125666572581,FALSE_REAL_AI,72,0.2196056278362512,0.1988419028509884,-1.0813648452272833,-0.4344074407440743,6.308592357689562e-06
AI_correct_vs_falseREAL,nano-banana-2.0,width,CORRECT_CONFIDENT_AI,5,1024.0,1024.0,FALSE_REAL_AI,72,1024.0,1024.0,0.0,,
AI_correct_vs_falseREAL,nano-banana-2.0,height,CORRECT_CONFIDENT_AI,5,1024.0,1024.0,FALSE_REAL_AI,72,1024.0,1024.0,0.0,,
AI_correct_vs_falseREAL,nano-banana-2.0,aspect_ratio,CORRECT_CONFIDENT_AI,5,1.0,1.0,FALSE_REAL_AI,72,1.0,1.0,0.0,,
AI_correct_vs_falseREAL,nano-banana-pro,mean_brightness,CORRECT_CONFIDENT_AI,6,0.6150698557287498,0.6202861506321278,FALSE_REAL_AI,77,0.4763679981489348,0.4842359696222238,0.8460612746481482,0.2132733273327332,0.0331306592871734
AI_correct_vs_falseREAL,nano-banana-pro,std_brightness,CORRECT_CONFIDENT_AI,6,0.2446643061724089,0.2456498371143527,FALSE_REAL_AI,77,0.2360012831469421,0.2392413284745904,0.1466849679022772,0.1282688268826882,0.2034361514033592
AI_correct_vs_falseREAL,nano-banana-pro,mean_saturation,CORRECT_CONFIDENT_AI,6,0.258995824892457,0.2710194233943577,FALSE_REAL_AI,77,0.3246509612367674,0.3187117815876351,-0.4731090916769845,-0.173081308130813,0.0850559393836827
AI_correct_vs_falseREAL,nano-banana-pro,edge_density,CORRECT_CONFIDENT_AI,6,0.0822338701105442,0.0638054049744897,FALSE_REAL_AI,77,0.1686613768884177,0.1661352040816326,-1.2976562227269448,-0.5549071554395075,2.086038553933583e-09
AI_correct_vs_falseREAL,nano-banana-pro,sharpness,CORRECT_CONFIDENT_AI,6,1044.4552288500945,738.0235634588887,FALSE_REAL_AI,77,3067.6634757063966,2759.6415851899656,-1.1612680050926547,-0.5005940594059406,1.1342559897512248e-07
AI_correct_vs_falseREAL,nano-banana-pro,entropy,CORRECT_CONFIDENT_AI,6,6.7570206313166326,7.2833067139426735,FALSE_REAL_AI,77,7.26510275459763,7.484189518705946,-0.5808320722588846,-0.1091389138913891,0.2797414839974388
AI_correct_vs_falseREAL,nano-banana-pro,high_frequency_ratio,CORRECT_CONFIDENT_AI,6,0.0643882254251582,0.0606378062057859,FALSE_REAL_AI,77,0.1774406576086755,0.1617032902987515,-1.1516078064577142,-0.4141854185418541,1.837179870422316e-05
AI_correct_vs_falseREAL,nano-banana-pro,width,CORRECT_CONFIDENT_AI,6,1024.0,1024.0,FALSE_REAL_AI,77,1024.0,1024.0,0.0,,
AI_correct_vs_falseREAL,nano-banana-pro,height,CORRECT_CONFIDENT_AI,6,1024.0,1024.0,FALSE_REAL_AI,77,1024.0,1024.0,0.0,,
AI_correct_vs_falseREAL,nano-banana-pro,aspect_ratio,CORRECT_CONFIDENT_AI,6,1.0,1.0,FALSE_REAL_AI,77,1.0,1.0,0.0,,
REAL_correct_vs_falseAI,ALL,mean_brightness,CORRECT_CONFIDENT_REAL,1553,0.4875556641926932,0.4744682460484193,FALSE_AI_REAL,138,0.4608623131935065,0.4632494619722889,0.1837995291126319,-0.0343491113987419,0.1064544799705136
REAL_correct_vs_falseAI,ALL,std_brightness,CORRECT_CONFIDENT_REAL,1553,0.2070135070570853,0.2037400177530393,FALSE_AI_REAL,138,0.2155067021266068,0.2168994706312119,-0.1355182520614068,0.1022648748214724,1.4540343276340523e-06
REAL_correct_vs_falseAI,ALL,mean_saturation,CORRECT_CONFIDENT_REAL,1553,0.2985343197062308,0.2708796018407363,FALSE_AI_REAL,138,0.3386854651280802,0.3085099664865945,-0.2242659939999922,0.0485980190962618,0.022331524979914
REAL_correct_vs_falseAI,ALL,edge_density,CORRECT_CONFIDENT_REAL,1553,0.1466557100846616,0.130859375,FALSE_AI_REAL,138,0.1054977782553238,0.0917271205357142,0.5476865406736341,-0.2267837539312892,3.5882996251699006e-27
REAL_correct_vs_falseAI,ALL,sharpness,CORRECT_CONFIDENT_REAL,1553,3061.323736775682,2279.867682110613,FALSE_AI_REAL,138,1749.2455946952075,1038.524718804341,0.5027073050409868,-0.1673914555630387,2.362274524662288e-15
REAL_correct_vs_falseAI,ALL,entropy,CORRECT_CONFIDENT_REAL,1553,7.015451430872613,7.255301244517471,FALSE_AI_REAL,138,6.967056241163798,7.251367133343757,0.0590906753283186,-0.0984248079087571,3.558100576590184e-06
REAL_correct_vs_falseAI,ALL,high_frequency_ratio,CORRECT_CONFIDENT_REAL,1553,0.1862286408545785,0.1443199911271724,FALSE_AI_REAL,138,0.1140552541952547,0.0840437039640639,0.5540690755438061,-0.170394318638293,7.332067915048297e-16
REAL_correct_vs_falseAI,ALL,width,CORRECT_CONFIDENT_REAL,1553,579.8647778493239,500.0,FALSE_AI_REAL,138,593.5072463768116,500.0,-0.0435543000822599,0.1152046263657965,5.608012433648996e-08
REAL_correct_vs_falseAI,ALL,height,CORRECT_CONFIDENT_REAL,1553,557.070186735351,426.0,FALSE_AI_REAL,138,599.1811594202899,441.5,-0.0937729485013597,0.0948636065038149,7.926762333374254e-06
REAL_correct_vs_falseAI,ALL,aspect_ratio,CORRECT_CONFIDENT_REAL,1553,1.1794261271402176,1.3333333333333333,FALSE_AI_REAL,138,1.1575418150781096,1.3250612605208287,0.0620402622273626,-0.0152289683944378,0.4742631048161489
AI_correct_vs_falseREAL,ALL,mean_brightness,CORRECT_CONFIDENT_AI,1012,0.4862825142686768,0.4739180447178871,FALSE_REAL_AI,2193,0.5086030395347192,0.501906878220038,-0.132063667711367,-0.0463654479930131,0.0022592617059514
AI_correct_vs_falseREAL,ALL,std_brightness,CORRECT_CONFIDENT_AI,1012,0.2154209925763022,0.2168926755577415,FALSE_REAL_AI,2193,0.2135934135646618,0.2106675838097757,0.0282768896714825,0.0251015319312535,0.0983965589660551
AI_correct_vs_falseREAL,ALL,mean_saturation,CORRECT_CONFIDENT_AI,1012,0.3263897351955851,0.3174573735744297,FALSE_REAL_AI,2193,0.2829122361225041,0.2529408638455382,0.2413466249725251,0.110314465228154,3.236635125008702e-13
AI_correct_vs_falseREAL,ALL,edge_density,CORRECT_CONFIDENT_AI,1012,0.1007689888115571,0.087482063137755,FALSE_REAL_AI,2193,0.1475788444011325,0.1389708227040816,-0.7482181434092708,-0.3623623518053772,1.1157242208719119e-134
AI_correct_vs_falseREAL,ALL,sharpness,CORRECT_CONFIDENT_AI,1012,1419.8272259432845,962.2653082464694,FALSE_REAL_AI,2193,3458.855268227653,2741.5628579682684,-0.8424302200410181,-0.4318795743808563,1.477064511680522e-196
AI_correct_vs_falseREAL,ALL,entropy,CORRECT_CONFIDENT_AI,1012,6.957550421483375,7.2566487753008975,FALSE_REAL_AI,2193,6.8919387699420245,7.1272813515520586,0.0730991835786591,0.0226532389796746,0.1358463268555852
AI_correct_vs_falseREAL,ALL,high_frequency_ratio,CORRECT_CONFIDENT_AI,1012,0.1090022113287245,0.0851526375051604,FALSE_REAL_AI,2193,0.2048343042322272,0.170249689516667,-0.7910964657638415,-0.3686987482777265,1.0189209979959285e-139
AI_correct_vs_falseREAL,ALL,width,CORRECT_CONFIDENT_AI,1012,782.300395256917,1024.0,FALSE_REAL_AI,2193,976.6666666666666,1024.0,-0.6776319980019111,-0.1560389715805778,4.878551135895124e-25
AI_correct_vs_falseREAL,ALL,height,CORRECT_CONFIDENT_AI,1012,765.1136363636364,1024.0,FALSE_REAL_AI,2193,1037.298221614227,1024.0,-0.9078238861937684,-0.3234488980973367,3.746936423654501e-106
AI_correct_vs_falseREAL,ALL,aspect_ratio,CORRECT_CONFIDENT_AI,1012,1.0225783038326073,1.0,FALSE_REAL_AI,2193,0.9702389512223334,1.0,0.2721013477745474,0.1692864290351062,3.0697742494814043e-29
